0.0043661,0.003579,0.012506,0.0060349,0.25441,0.016926,0.058187,0.02985,0.015385,0.028066,0.0036902,0.0031872,0.07167,0.017072,0.013943,0.01756,1
0.0032654,0.0030089,0.0083097,0.0044046,0.22302,0.013882,0.034908,0.02835,0.010753,0.019608,0.002898,0.0029216,0.077598,0.011749,0.0079868,0.012404,1
0.0029345,0.002962,0.0063745,0.0039078,0.15645,0.011127,0.033069,0.02464,0.010476,0.022589,0.0024256,0.0022579,0.055453,0.014853,0.0068552,0.012071,1
0.0032491,0.0033592,0.0071598,0.0035953,0.13283,0.011345,0.031749,0.023107,0.011979,0.019555,0.0026088,0.0027159,0.05533,0.0162,0.009728,0.012101,1
0.0023933,0.0020011,0.0047824,0.0029955,0.064658,0.0090939,0.028525,0.017829,0.012543,0.022753,0.0022564,0.0016136,0.018722,0.017968,0.009721,0.016175,1
0.01886,0.011435,0.025225,0.010494,0.90488,0.032591,0.059919,0.028252,0.042632,0.030485,0.010633,0.010148,0.15116,0.059454,0.019175,0.022564,1
0.0026197,0.0024126,0.005128,0.0029534,0.097735,0.012701,0.032255,0.019218,0.012424,0.027352,0.0039016,0.0025134,0.035954,0.015038,0.0089577,0.011974,1
0.0016993,0.0020281,0.0038171,0.0032562,0.057121,0.011868,0.033829,0.018152,0.014834,0.026042,0.0032006,0.0020014,0.013413,0.01882,0.011797,0.013079,1
0.0036111,0.00333,0.0052495,0.0036227,0.098796,0.010252,0.039727,0.018623,0.028122,0.019587,0.0026548,0.0025066,0.032661,0.019295,0.00987,0.011434,1
0.0023995,0.0021845,0.0052333,0.0029468,0.099691,0.011078,0.030165,0.016238,0.019765,0.019738,0.0024338,0.0018214,0.01787,0.011629,0.0071551,0.012013,1
0.0017171,0.0019451,0.0040912,0.0021901,0.082894,0.0063887,0.025258,0.0097752,0.021998,0.017141,0.0022862,0.0015824,0.022222,0.01187,0.0083713,0.0104,1
0.0014137,0.0017962,0.0021929,0.0018706,0.019784,0.0068779,0.011323,0.005875,0.021853,0.018231,0.0016308,0.00093992,0.0071559,0.0167,0.0085944,0.012827,1
0.0012158,0.001743,0.0027374,0.0016042,0.029732,0.0054026,0.015283,0.0063948,0.023676,0.02208,0.0018574,0.0012319,0.013863,0.012665,0.010017,0.01101,1
0.0011485,0.001723,0.0023432,0.001593,0.026484,0.0057696,0.017872,0.00606,0.013464,0.017024,0.0014307,0.0017032,0.0094258,0.011027,0.0096236,0.012319,1
0.0012753,0.0016942,0.0022849,0.0020685,0.021468,0.0071395,0.013,0.0064765,0.030301,0.021365,0.0016801,0.0011237,0.010653,0.012263,0.0092074,0.017798,1
0.0094725,0.0074863,0.02103,0.010189,0.65982,0.023181,0.072074,0.040087,0.032836,0.022035,0.0071032,0.0068817,0.12067,0.025025,0.015115,0.015945,1
0.0080751,0.0065285,0.020571,0.0070299,0.60043,0.012855,0.054733,0.024958,0.027463,0.024475,0.0070736,0.006008,0.12428,0.021339,0.016665,0.017868,1
0.0058583,0.0052643,0.014316,0.0068375,0.36445,0.013473,0.057446,0.02716,0.018852,0.028437,0.0048977,0.0044264,0.09276,0.019982,0.014245,0.022232,1
0.0067284,0.0057208,0.013813,0.0065062,0.28446,0.018015,0.046663,0.024795,0.022134,0.032904,0.004825,0.0037963,0.089737,0.032437,0.012937,0.020532,1
0.0026801,0.0027135,0.0061807,0.0030702,0.10446,0.008457,0.029941,0.015179,0.017518,0.031249,0.0028568,0.0019506,0.056752,0.016627,0.010907,0.018627,1
0.0026783,0.003328,0.0062949,0.0033783,0.14685,0.0074964,0.028858,0.015376,0.011032,0.027321,0.002875,0.0030596,0.081301,0.015979,0.010212,0.021131,1
0.0019524,0.0023836,0.0032946,0.0032395,0.091533,0.0090347,0.02056,0.010482,0.016625,0.025661,0.0023556,0.0022003,0.05415,0.014442,0.010813,0.017137,1
0.0014654,0.0022115,0.004494,0.0036208,0.057144,0.008587,0.031159,0.020904,0.022343,0.017045,0.0018394,0.0020452,0.051742,0.0070148,0.014527,0.010277,1
0.0028788,0.0036494,0.0055004,0.0050152,0.061735,0.011609,0.022308,0.011768,0.096185,0.038317,0.0032678,0.0023287,0.033537,0.01126,0.040391,0.017988,1
0.0016777,0.0017452,0.0030395,0.0027349,0.020749,0.0069126,0.0097459,0.0062855,0.022216,0.033029,0.0014475,0.0015523,0.017183,0.0072368,0.034601,0.015694,1
0.00088936,0.00073077,0.0011927,0.002188,0.0021433,0.0025037,0.0017961,0.03407,0.0010566,0.0027423,0.00076804,0.00084985,0.0075263,0.015786,0.0009625,0.0059128,0
0.00093274,0.00086096,0.001214,0.0019039,0.0016185,0.0025221,0.0013068,0.03298,0.001072,0.002128,0.001258,0.00078472,0.0078165,0.018162,0.0014017,0.010375,0
0.00073869,0.00076332,0.0011712,0.001779,0.0022276,0.0028557,0.001661,0.034906,0.0013681,0.0027396,0.00071642,0.00083936,0.0081436,0.019172,0.0010826,0.0031514,0
0.0008167,0.000799,0.001116,0.0021702,0.0019423,0.0026293,0.0014363,0.033636,0.0018909,0.0027944,0.00082067,0.00085817,0.00806,0.018863,0.0011071,0.0031169,0
0.00099055,0.00080772,0.0012809,0.0021187,0.0018471,0.0025569,0.0012697,0.036296,0.0019547,0.0023191,0.00090541,0.00076577,0.0086771,0.016955,0.0013271,0.010979,0
0.00089452,0.00092652,0.0012279,0.0022785,0.0023218,0.0030293,0.0014671,0.045909,0.0021655,0.0022452,0.00078253,0.00087688,0.0083602,0.020127,0.0014494,0.0034182,0
0.0007772,0.00074959,0.0010297,0.0021596,0.0021176,0.0023206,0.0012661,0.033048,0.0017125,0.0026166,0.00071503,0.0011928,0.00695,0.016465,0.0010492,0.0021285,0
0.00071381,0.0010159,0.001006,0.0022388,0.0019239,0.0028923,0.0014674,0.041576,0.0018476,0.0021021,0.00083982,0.0009521,0.0087962,0.01877,0.0011757,0.0027204,0
0.0043589,0.0019634,0.0022353,0.0032508,0.018944,0.022228,0.0019301,0.038511,0.0029826,0.0038252,0.0016877,0.0021018,0.021204,0.024792,0.0022846,0.0067842,0
0.0046124,0.0023171,0.0029245,0.0033501,0.035627,0.017012,0.0023438,0.040913,0.0034703,0.0041783,0.0019724,0.0022694,0.022072,0.023379,0.0030411,0.0039198,0
0.0052186,0.0022945,0.003386,0.0032694,0.026823,0.013704,0.0028652,0.04661,0.0030312,0.0038729,0.0016949,0.0019443,0.023734,0.032059,0.0022636,0.0058425,0
0.005727,0.0022666,0.0023332,0.0033686,0.024163,0.015565,0.0024493,0.030785,0.002896,0.0032819,0.0014207,0.0016978,0.029113,0.033605,0.0020776,0.003589,0
0.0051357,0.0027965,0.0023685,0.0035257,0.023453,0.012172,0.0020013,0.038478,0.0031255,0.0039366,0.0015534,0.001965,0.024198,0.033825,0.0020993,0.0067882,0
0.0054803,0.0015705,0.0021147,0.0030471,0.016631,0.0095551,0.00314,0.037662,0.0024473,0.0032451,0.0014354,0.0021587,0.024403,0.027083,0.0018345,0.0028223,0
0.003762,0.0016012,0.0016533,0.0027295,0.0087768,0.0096992,0.0019264,0.040241,0.0022156,0.0027439,0.0011931,0.0017172,0.019695,0.025603,0.0015876,0.0028679,0
0.00075942,0.00070222,0.0010168,0.0017113,0.0017541,0.0024489,0.0012849,0.031886,0.001673,0.0025284,0.0007599,0.00091945,0.0075816,0.016003,0.0012307,0.0023399,0
0.00065676,0.0006353,0.0010288,0.0019128,0.001991,0.0030759,0.0029162,0.035939,0.0016662,0.0022286,0.00081905,0.0010301,0.0063624,0.013131,0.001293,0.0047502,0
0.00079384,0.00084945,0.0010898,0.0021175,0.0018557,0.0028486,0.0014998,0.040724,0.0013205,0.0025531,0.00073068,0.0016808,0.0074681,0.012681,0.0010466,0.0017495,0
0.00062871,0.00066079,0.0010646,0.0017921,0.0018374,0.0023086,0.0014349,0.029386,0.001492,0.001966,0.00061678,0.00071042,0.0072023,0.015076,0.0010214,0.0021769,0
0.00069647,0.00065206,0.001085,0.0019786,0.0018747,0.0029812,0.0012097,0.031699,0.0016063,0.0023099,0.00070814,0.00065129,0.0073479,0.014481,0.0011745,0.0028647,0
0.00072816,0.00078307,0.0011087,0.0020332,0.0019585,0.0029349,0.0013384,0.035274,0.001907,0.0022109,0.00076623,0.00071204,0.0073406,0.015722,0.0012332,0.0024095,0
0.00077615,0.00093725,0.0011144,0.0017464,0.0015114,0.002619,0.0011628,0.035161,0.0017572,0.002511,0.00074494,0.00087349,0.0070557,0.014445,0.0010968,0.0025105,0
0.00084586,0.00072893,0.0011706,0.0021832,0.0023121,0.0026388,0.0019845,0.037027,0.0015521,0.0024745,0.00087286,0.0008244,0.0074274,0.014788,0.0011443,0.0021209,0
0.00077493,0.00089452,0.0010577,0.0021708,0.0017505,0.0023481,0.001285,0.034833,0.0019145,0.0025964,0.00088206,0.00089772,0.0074777,0.016514,0.001209,0.003812,0
0.00064704,0.00065742,0.001069,0.0020079,0.0020328,0.0024354,0.0014104,0.033033,0.0019665,0.0024891,0.00058645,0.00074386,0.0083793,0.016296,0.0012819,0.0022242,0
0.00074587,0.00061084,0.00074828,0.00064478,0.0013539,0.0017327,0.0050084,0.0033276,0.0020814,0.0036938,0.0008636,0.0011472,0.0027189,0.0052499,0.0042832,0.003712,1
0.00094685,0.00082475,0.00075635,0.0011057,0.00090956,0.0037598,0.003847,0.0042726,0.0019715,0.0029418,0.00068953,0.0007269,0.0029688,0.0099437,0.0025801,0.0024912,1
0.00050189,0.0012784,0.00062024,0.00057407,0.0011311,0.0023637,0.0016502,0.0025168,0.0018318,0.0031485,0.00046096,0.00056441,0.0019085,0.011909,0.0021657,0.0021775,1
0.00078256,0.0012354,0.00086474,0.00056964,0.0016242,0.0029743,0.0018265,0.0033871,0.0016621,0.0025825,0.00059461,0.00056387,0.013979,0.011294,0.0025055,0.0023824,1
0.0044017,0.0044041,0.0026031,0.0028319,0.010826,0.040989,0.03013,0.0026557,0.0038362,0.0055402,0.0020365,0.00157,0.012736,0.014112,0.011676,0.0057108,1
0.00036845,0.0011863,0.00057686,0.0009113,0.00089467,0.0047246,0.00076642,0.0007714,0.0011727,0.0016056,0.00051233,0.0003649,0.00090456,0.0040636,0.0029104,0.001132,1
0.00054788,0.0012698,0.00094507,0.00078726,0.00093706,0.0047233,0.0028194,0.00094345,0.0011096,0.0024292,0.00041682,0.00064361,0.00093813,0.0027903,0.0027248,0.0014738,1
0.00070967,0.0016424,0.0018097,0.00077328,0.0010656,0.0037681,0.0013621,0.012485,0.0017459,0.0046166,0.00050813,0.00080457,0.0068528,0.0029218,0.0033659,0.0032741,1
0.0006125,0.0014077,0.0010582,0.00092828,0.001116,0.0038497,0.002959,0.0020349,0.001403,0.0012601,0.00047599,0.00045321,0.0088418,0.004085,0.0067079,0.001732,1
0.00079917,0.0017921,0.001174,0.0012524,0.001457,0.0044747,0.0027082,0.0031948,0.002199,0.0020828,0.00075883,0.0007707,0.0079326,0.0083609,0.0055245,0.0019763,1
0.013639,0.0071667,0.0093078,0.0082182,0.020147,0.005318,0.0103,0.0020323,0.0051939,0.0089858,0.0024231,0.0015472,0.01673,0.0043265,0.0030426,0.0017252,0
0.0013616,0.0010174,0.001268,0.001446,0.0022125,0.0024622,0.010536,0.0015524,0.0042497,0.0078846,0.00068294,0.00068479,0.0024763,0.00095593,0.0015624,0.0012127,0
0.0058276,0.00064653,0.0070709,0.0013296,0.0159,0.0027532,0.0067992,0.0014422,0.0048973,0.0076577,0.0013625,0.0007346,0.0037323,0.0010398,0.0013486,0.0012473,0
0.0063235,0.00057921,0.0046503,0.0016303,0.014045,0.0021234,0.0073424,0.0014573,0.0050785,0.0096571,0.0007564,0.00070143,0.0045419,0.0010552,0.0013216,0.0011405,0
0.0058916,0.00056988,0.0042707,0.0023889,0.014633,0.0025284,0.0085811,0.0013454,0.0052487,0.0073762,0.00073774,0.00092321,0.004171,0.0011987,0.0015059,0.0013628,0
0.0016007,0.00058729,0.0021368,0.0058004,0.0022732,0.0025704,0.010781,0.0083101,0.0054375,0.010693,0.00087138,0.0010631,0.003117,0.00088361,0.0016272,0.0013762,0
0.00098787,0.00048013,0.0016077,0.0013121,0.0027069,0.0021107,0.0084551,0.0023744,0.0042566,0.0095007,0.00061378,0.00077865,0.0020047,0.00071036,0.0012897,0.0011129,0
0.00080754,0.00035547,0.0016448,0.0030443,0.0023091,0.0020807,0.0087794,0.0020815,0.0044427,0.008668,0.00050718,0.00072716,0.0015745,0.0007513,0.0012784,0.0010092,0
0.00080556,0.00042092,0.0014637,0.00098364,0.0016131,0.0021055,0.0083418,0.0018391,0.0045331,0.0089241,0.00048478,0.00065787,0.0014503,0.00085118,0.0013738,0.0011205,0
0.00094938,0.0003712,0.0016814,0.001032,0.0025973,0.0020015,0.0098987,0.0021661,0.0041492,0.0083992,0.00059788,0.00066963,0.0016267,0.00081357,0.0011725,0.0010313,0
0.046318,0.019905,0.036808,0.013216,0.047686,0.010885,0.01028,0.0024484,0.0059289,0.0093578,0.0067927,0.0043539,0.041544,0.017017,0.0052729,0.0038106,0
0.030428,0.013563,0.026294,0.010578,0.042004,0.0099786,0.0099721,0.0027916,0.0057181,0.010762,0.0037852,0.0025497,0.025426,0.014741,0.004253,0.0029824,0
0.026677,0.016163,0.020259,0.011469,0.037285,0.010807,0.0089656,0.0025038,0.0059556,0.010331,0.0037875,0.0030759,0.023833,0.017179,0.0037397,0.0032035,0
0.023138,0.012467,0.022716,0.01022,0.040982,0.0097807,0.0098291,0.0023956,0.0054981,0.0092432,0.0032257,0.0023391,0.021001,0.014046,0.0031234,0.0028189,0
0.01118,0.0047215,0.011222,0.0041859,0.020262,0.0048954,0.0068975,0.0016222,0.0053631,0.0077804,0.0013225,0.0010543,0.009733,0.0046309,0.0018752,0.0016532,0
0.0066166,0.0044314,0.003478,0.0038544,0.0074336,0.0040006,0.0098849,0.0023061,0.005465,0.010518,0.001107,0.00098297,0.0056866,0.0058311,0.0017621,0.0015555,0
0.00064645,0.0019308,0.00152,0.001726,0.0021611,0.0024975,0.010925,0.0013753,0.0047387,0.0090006,0.00062806,0.00078089,0.0015579,0.0034244,0.0014004,0.0010569,0
0.0011177,0.0015547,0.0016022,0.0025095,0.0025332,0.0025671,0.0037143,0.001599,0.004414,0.0084475,0.0006504,0.00080835,0.0012646,0.0033643,0.0013031,0.0011884,0
0.00064421,0.0011936,0.0016773,0.001843,0.0017419,0.0020323,0.0085205,0.0019608,0.004965,0.0097072,0.00078773,0.00080787,0.0013171,0.0028171,0.0013655,0.0010667,0
0.0007072,0.00098626,0.0017234,0.0013185,0.0016343,0.0020509,0.010275,0.0017027,0.0040763,0.0096499,0.00055586,0.00063115,0.0012503,0.0027856,0.0010877,0.00093109,0
0.00078912,0.00096597,0.0018458,0.0013664,0.0016122,0.002156,0.0092392,0.0016025,0.0046094,0.0085289,0.00050185,0.0007176,0.001279,0.0025381,0.0010988,0.0010182,0
0.00069191,0.00096247,0.0013283,0.0015022,0.0015876,0.002269,0.0086776,0.0018129,0.0047837,0.0087469,0.00055548,0.00065543,0.0013011,0.0019583,0.0011771,0.0010487,0
0.00054659,0.00059036,0.0013159,0.0015029,0.0015059,0.0022618,0.0062031,0.001936,0.0051373,0.0089676,0.00055575,0.00067018,0.0011183,0.00082381,0.0012268,0.00093015,0
0.00065861,0.00050057,0.0016598,0.0012844,0.0021517,0.0022312,0.0081839,0.001924,0.0048706,0.010359,0.0006035,0.00064222,0.0013014,0.00079304,0.0011409,0.001121,0
0.0011821,0.00050274,0.001759,0.0017399,0.0028342,0.0024947,0.0093499,0.0016183,0.00386,0.0095109,0.00049225,0.00070401,0.0015478,0.00070232,0.0011688,0.0010991,0
0.00070275,0.00048222,0.0015817,0.0011769,0.0016617,0.0023519,0.008754,0.0013269,0.0048965,0.0092072,0.00053278,0.00063526,0.001419,0.00081743,0.0014303,0.0010357,0
0.00083313,0.001792,0.0043488,0.0015287,0.0021222,0.0038241,0.010696,0.0027086,0.0047842,0.009538,0.00047989,0.00092209,0.0015503,0.0017254,0.0012536,0.0011345,0
0.00045825,0.00029484,0.0013682,0.0014985,0.0014922,0.0016989,0.0083363,0.0013873,0.0041172,0.0092107,0.00053381,0.00071482,0.0012206,0.00062659,0.0012747,0.0010205,0
0.00078553,0.00033552,0.0014064,0.0012571,0.0019669,0.0016149,0.0087403,0.0015022,0.0040511,0.00987,0.00065148,0.00078995,0.00084472,0.00063103,0.0012133,0.0010666,0
0.00059382,0.00037205,0.0012334,0.0010155,0.0015446,0.001801,0.0098572,0.00145,0.0044583,0.010482,0.00052636,0.00068102,0.00084201,0.00073925,0.0010547,0.0010963,0
0.00049871,0.00034866,0.00134,0.0010245,0.0014897,0.0016574,0.011804,0.0015348,0.0037338,0.010327,0.00046194,0.00074963,0.0010104,0.00091757,0.0010981,0.0011176,0
0.0009841,0.0004535,0.0017704,0.0009342,0.0023407,0.0016411,0.010982,0.0015317,0.0044843,0.0085228,0.00055925,0.00075684,0.0009394,0.00079583,0.0012623,0.0012097,0
0.00051083,0.00033921,0.0012376,0.0010528,0.0015396,0.0024133,0.0086029,0.001988,0.0042092,0.010458,0.00050615,0.00073786,0.00098191,0.00088746,0.0011875,0.0010887,0
0.0036419,0.0019588,0.016144,0.0073881,0.039143,0.12511,0.073217,0.01313,0.0082961,0.014493,0.0046215,0.004007,0.011367,0.056088,0.019,0.02744,1
0.0040387,0.0017793,0.013669,0.0077784,0.031857,0.15033,0.019904,0.011819,0.0072062,0.010883,0.0050823,0.0038502,0.012527,0.055465,0.019873,0.021057,1
0.0035356,0.0020161,0.014284,0.0078052,0.046933,0.15306,0.011803,0.012192,0.0081115,0.011252,0.0048305,0.0045496,0.01122,0.043466,0.025662,0.021129,1
0.0033363,0.0019521,0.013889,0.0070662,0.051084,0.10528,0.013187,0.015712,0.0073972,0.010787,0.0041996,0.0041686,0.012422,0.0502,0.018913,0.018274,1
0.0017541,0.0017432,0.005886,0.0027791,0.023259,0.019895,0.0041655,0.0046141,0.0044263,0.0078226,0.0017967,0.002155,0.023851,0.063899,0.013959,0.015455,1
0.0018397,0.0018042,0.0042083,0.0022744,0.021491,0.023376,0.0039376,0.0037214,0.004263,0.0073582,0.0020202,0.0020905,0.023759,0.079393,0.012711,0.015718,1
0.0021807,0.0046239,0.0039533,0.0035543,0.021327,0.028327,0.0075358,0.0044485,0.0043112,0.0091975,0.001985,0.0034559,0.020792,0.11301,0.01228,0.016421,1
0.0026743,0.0051855,0.0044387,0.0040037,0.028289,0.03044,0.0049643,0.0050152,0.0050641,0.0094627,0.0028886,0.003048,0.048096,0.10977,0.013583,0.016769,1
0.0055441,0.0079769,0.0056442,0.004779,0.041049,0.035764,0.0074678,0.0054327,0.0067828,0.009822,0.0084397,0.0057202,0.26259,0.1322,0.012288,0.014509,1
0.0059191,0.0088227,0.0052278,0.00531,0.039703,0.040659,0.015101,0.0059405,0.007178,0.010614,0.0078119,0.0052747,0.28944,0.12488,0.01438,0.016717,1
0.0072301,0.0084698,0.0056774,0.0059629,0.039788,0.040031,0.0097,0.0075195,0.0069159,0.0072651,0.0088921,0.0049798,0.36534,0.13698,0.011631,0.012529,1
0.0071065,0.0094556,0.0059757,0.0066007,0.046672,0.048434,0.0091615,0.0074516,0.0084322,0.0081589,0.0098434,0.0059305,0.34878,0.14186,0.013587,0.012672,1
0.007853,0.020584,0.0057833,0.0062249,0.041975,0.043509,0.0085371,0.0065374,0.00906,0.0083367,0.010058,0.006901,0.33035,0.14238,0.012044,0.014371,1
0.004674,0.004422,0.0031826,0.0035011,0.02416,0.012471,0.023387,0.013049,0.0072095,0.0056153,0.0073697,0.0036578,0.29056,0.065691,0.0092059,0.0083472,1
0.0047119,0.0040922,0.004549,0.0041101,0.050593,0.024744,0.020668,0.0040678,0.0078914,0.006205,0.0065168,0.0044762,0.27294,0.064864,0.010037,0.0078281,1
0.0041906,0.003336,0.0041906,0.003526,0.04582,0.02291,0.02273,0.0040842,0.007591,0.004835,0.0054715,0.0032991,0.22006,0.061421,0.0075616,0.0054747,1
0.0072365,0.0047566,0.005226,0.0040586,0.059644,0.024187,0.0394,0.0046014,0.0085263,0.0063914,0.008153,0.0041202,0.33638,0.07028,0.0093846,0.0070959,1
0.0068883,0.0040059,0.0054149,0.0046433,0.055066,0.019741,0.067866,0.0052395,0.0088476,0.0069189,0.0083693,0.0043787,0.34436,0.068295,0.0095648,0.0077144,1
0.0023108,0.0023694,0.011132,0.0027505,0.064686,0.019974,0.0035347,0.0029462,0.0084604,0.0055967,0.0027493,0.0023298,0.069699,0.049016,0.0086244,0.006013,1
0.0029403,0.0027935,0.015621,0.0032073,0.081356,0.03343,0.0036727,0.0032589,0.0081526,0.0055246,0.0032668,0.002546,0.080683,0.04359,0.0085307,0.0058815,1
0.0019574,0.0018375,0.010992,0.0026308,0.059027,0.032733,0.023079,0.0029033,0.0070629,0.0043359,0.0024207,0.0023327,0.018177,0.035014,0.0068959,0.0052921,1
0.0018579,0.0019251,0.014564,0.0031004,0.081245,0.031714,0.0032215,0.0037392,0.0076363,0.0046089,0.0023461,0.0019906,0.016092,0.038365,0.0074691,0.0059905,1
0.0068485,0.012997,0.01391,0.021055,0.055817,0.048995,0.035708,0.037769,0.029795,0.028,0.005615,0.0093096,0.091115,0.28703,0.017749,0.036531,1
0.0041888,0.011385,0.0043217,0.0054489,0.012479,0.0092041,0.0062524,0.0086738,0.014859,0.016364,0.0040246,0.0046623,0.072738,0.24004,0.014241,0.011735,1
0.0038306,0.0068889,0.0041639,0.0046657,0.013071,0.0096547,0.0066819,0.0065758,0.013888,0.014359,0.003878,0.0040919,0.057615,0.2339,0.013343,0.01306,1
0.0046031,0.006676,0.0045813,0.0059787,0.015923,0.010951,0.0063997,0.0075054,0.014523,0.017978,0.0039269,0.0053746,0.069205,0.23395,0.014702,0.012764,1
0.0033183,0.0059385,0.0062369,0.0056295,0.02314,0.0090842,0.0066635,0.007041,0.015156,0.016637,0.0040393,0.0050862,0.042936,0.22032,0.014147,0.012633,1
0.003272,0.0063865,0.0085847,0.0043146,0.019956,0.0079346,0.0061901,0.0061147,0.012206,0.015125,0.00334,0.0045971,0.033116,0.24376,0.014637,0.011496,1
0.0043508,0.011512,0.0059234,0.0071926,0.019392,0.014517,0.0077764,0.014748,0.032274,0.025447,0.0056575,0.0070751,0.05856,0.29436,0.018664,0.017419,1
0.0039719,0.013086,0.0041596,0.0056066,0.016236,0.014057,0.0067046,0.013423,0.014714,0.016937,0.0045066,0.0049256,0.04122,0.2959,0.01201,0.011618,1
0.0036843,0.0090042,0.0035964,0.005236,0.016577,0.010269,0.01154,0.0066137,0.0115,0.015363,0.0045939,0.0080075,0.054761,0.2505,0.013907,0.011048,1
0.0035718,0.0074117,0.0056983,0.0052147,0.013935,0.0088274,0.0054936,0.0064908,0.0099873,0.014996,0.0037133,0.0052008,0.057376,0.26256,0.013575,0.013176,1
0.0041884,0.012221,0.0040908,0.0051461,0.01573,0.0098061,0.0064113,0.0062554,0.011607,0.01709,0.0038017,0.0052234,0.056635,0.25008,0.011853,0.017461,1
0.0036979,0.0077575,0.0053996,0.0058312,0.014634,0.012201,0.0065871,0.0071218,0.015435,0.016282,0.0043524,0.0045688,0.039957,0.28074,0.01237,0.012137,1
0.0047461,0.0081471,0.0057572,0.0068125,0.015637,0.012107,0.0081097,0.0086576,0.016149,0.019154,0.0048719,0.0054111,0.047312,0.30531,0.012769,0.014128,1
0.0044921,0.0061804,0.0038554,0.0050741,0.013675,0.010762,0.13475,0.0054604,0.012323,0.015935,0.0044872,0.0044753,0.04321,0.2266,0.013257,0.010941,1
0.0038965,0.0075205,0.0039404,0.005369,0.013831,0.010943,0.01221,0.0061923,0.012145,0.018142,0.0042913,0.0049981,0.034658,0.28651,0.011467,0.011624,1
0.0045411,0.0071285,0.004594,0.0050612,0.014371,0.010817,0.0091437,0.0054498,0.013157,0.018974,0.0048445,0.0049806,0.035721,0.32129,0.013812,0.011927,1
0.0038243,0.0073823,0.0049859,0.0045547,0.012978,0.010552,0.0063734,0.0060716,0.011033,0.01531,0.0042723,0.0044099,0.031174,0.27636,0.01306,0.013697,1
0.0044011,0.0081376,0.004962,0.0049031,0.012537,0.010088,0.0059365,0.0056021,0.010102,0.019061,0.0045712,0.0051575,0.039395,0.26848,0.01329,0.015478,1
0.0043065,0.0086337,0.0041782,0.0046292,0.010995,0.010251,0.0059584,0.0058541,0.011158,0.018927,0.0047052,0.0054282,0.035469,0.27487,0.013728,0.013429,1
0.0046847,0.0087268,0.0047374,0.0061213,0.011131,0.012161,0.0068701,0.0061214,0.013826,0.019382,0.005468,0.004734,0.037763,0.32013,0.014593,0.013812,1
0.0042033,0.0080058,0.0045822,0.0052759,0.012552,0.011073,0.0059087,0.0057861,0.010893,0.019407,0.0049202,0.0055671,0.030814,0.29991,0.012738,0.016212,1
0.0040141,0.0056767,0.0034553,0.0036218,0.0083958,0.079267,0.0043976,0.0039997,0.010915,0.0038853,0.0035269,0.0033762,0.10322,0.084351,0.0081722,0.0096574,1
0.003793,0.0068088,0.0036598,0.0023472,0.0085889,0.073033,0.0036239,0.014317,0.012519,0.0037542,0.0033071,0.0020317,0.095532,0.051021,0.0083099,0.0071505,1
0.006816,0.0057097,0.0049351,0.0043867,0.030299,0.082457,0.06821,0.0054212,0.017227,0.0058929,0.0039054,0.0034407,0.12132,0.057978,0.0079274,0.010013,1
0.013017,0.022098,0.0099037,0.010916,0.10932,0.23426,0.04298,0.0073326,0.020456,0.011445,0.0084442,0.0086257,0.14437,0.20078,0.013833,0.02143,1
0.0060443,0.0087386,0.0050126,0.0062454,0.026091,0.18471,0.015117,0.005724,0.014581,0.0084882,0.0049059,0.0039458,0.098028,0.065375,0.0087822,0.008881,1
0.003915,0.0029483,0.0030936,0.0023381,0.018009,0.019455,0.0067021,0.0046942,0.015702,0.0045806,0.0023017,0.0017582,0.14553,0.021344,0.0077007,0.0042887,1
0.0040415,0.0029465,0.0028392,0.0028079,0.017476,0.035701,0.0029098,0.0046371,0.014882,0.0055737,0.0024634,0.0022389,0.11214,0.022288,0.0059105,0.0036082,1
0.0080001,0.012326,0.0053157,0.0081362,0.099786,0.10424,0.0056239,0.0068294,0.012833,0.020301,0.0058169,0.0051803,0.17599,0.068484,0.011501,0.014563,1
0.0070376,0.010716,0.0049735,0.0074732,0.1137,0.13563,0.01874,0.0074428,0.017979,0.019753,0.0060363,0.0052464,0.15317,0.052418,0.012376,0.011519,1
0.017218,0.011521,0.030904,0.010905,0.22965,0.20926,0.010276,0.0073897,0.023051,0.019948,0.0078563,0.0073529,0.15416,0.065785,0.016942,0.013439,1
0.0066237,0.0069331,0.0051689,0.0043882,0.025817,0.062065,0.021687,0.0067691,0.01207,0.0091756,0.0040116,0.0028059,0.16216,0.021875,0.0097376,0.005163,1
0.0041636,0.0043615,0.0032504,0.0032366,0.015021,0.021088,0.0058765,0.013444,0.010921,0.0086478,0.002913,0.0032648,0.15033,0.044109,0.0094884,0.007498,1
0.0044276,0.0031857,0.004709,0.0029688,0.041946,0.019614,0.0061669,0.022241,0.01351,0.0041352,0.0025814,0.0021342,0.16823,0.019157,0.007553,0.0068311,1
0.0050718,0.0069397,0.0039604,0.0044187,0.026975,0.072655,0.046205,0.009681,0.014053,0.013301,0.0040088,0.0030667,0.11564,0.037251,0.011302,0.0098965,1
0.0047096,0.0043578,0.0035742,0.0031733,0.012461,0.073587,0.014458,0.0075229,0.011838,0.010899,0.0031625,0.0027387,0.10796,0.035498,0.0072751,0.011086,1
0.0071075,0.0054259,0.0051787,0.0043617,0.050649,0.091976,0.0047732,0.0095312,0.011016,0.014392,0.005209,0.0044356,0.15377,0.050567,0.0089787,0.013211,1
0.0065707,0.0053022,0.0045352,0.0047115,0.052154,0.11205,0.0061151,0.006893,0.010593,0.014347,0.0045271,0.0039787,0.13924,0.042881,0.0092205,0.011393,1
0.0067859,0.0089641,0.0048372,0.0052818,0.091233,0.11425,0.0053195,0.0077222,0.0099465,0.012957,0.0052201,0.0050965,0.1433,0.077829,0.007859,0.016233,1
0.0011222,0.00080966,0.0012311,0.00058023,0.0023481,0.0085909,0.0013257,0.0018135,0.0077209,0.0019619,0.00082494,0.00060215,0.0022081,0.0016959,0.002027,0.001259,0
0.00068349,0.00083731,0.00058479,0.00062496,0.0015659,0.002042,0.0013188,0.0013116,0.0063237,0.00249,0.00063336,0.00062313,0.0015782,0.0014479,0.0014572,0.0011942,0
0.0010286,0.0007404,0.00067742,0.0010777,0.0029842,0.0032477,0.0032332,0.0064016,0.0078705,0.0029033,0.0013602,0.0010773,0.0056726,0.0030534,0.0017779,0.0018931,0
0.00091255,0.00068768,0.00072153,0.0006795,0.0015531,0.0029838,0.0013569,0.0023869,0.0079786,0.0023101,0.0010169,0.00081322,0.0021941,0.0019866,0.0016883,0.0013229,0
0.00078046,0.00095759,0.00098926,0.00082109,0.0052638,0.0028961,0.0016304,0.0024772,0.0085949,0.0029212,0.00097849,0.0010371,0.0095602,0.0050294,0.001967,0.0015585,0
0.0010405,0.00088259,0.00055655,0.00058237,0.001446,0.0019881,0.0011913,0.0011818,0.0069303,0.0020604,0.00078414,0.00061423,0.00071414,0.0020835,0.0014789,0.0011269,0
0.0011212,0.00093668,0.00058644,0.00078993,0.0024926,0.001982,0.0019195,0.0021814,0.0085604,0.001997,0.0011731,0.00071117,0.0010238,0.0020229,0.0021866,0.0010108,0
0.00075559,0.0010791,0.00071037,0.00072876,0.0020135,0.0030071,0.001465,0.0014819,0.0079706,0.0023397,0.00093213,0.00069375,0.0032361,0.0057522,0.0020561,0.0038296,0
0.00089394,0.0010111,0.00064898,0.0009009,0.001663,0.0033746,0.0014828,0.0014387,0.0081924,0.0021784,0.00099721,0.00066631,0.0013148,0.0044175,0.0019207,0.0027155,0
0.00074894,0.0010168,0.00090119,0.0010253,0.0018683,0.0037515,0.00198,0.0015738,0.0087836,0.0019857,0.00094272,0.0007498,0.0012812,0.0043576,0.0020294,0.0023713,0
0.0047225,0.0066201,0.0023583,0.0050514,0.022268,0.02384,0.0021305,0.0029159,0.011175,0.0038662,0.002005,0.003155,0.0076207,0.016601,0.0035288,0.0044837,0
0.00078104,0.00096597,0.0007802,0.00080933,0.0020581,0.0031407,0.0015152,0.0014158,0.0081125,0.0016266,0.0008528,0.00062668,0.0010889,0.0026709,0.0020701,0.0019942,0
0.00079176,0.00077609,0.00063931,0.00074029,0.0015826,0.0023152,0.0012913,0.0014421,0.0077204,0.0012004,0.0010144,0.00058781,0.00091324,0.0025529,0.0021551,0.0019587,0
0.00092094,0.0012941,0.0015621,0.0015516,0.0020561,0.0033617,0.0016094,0.0020506,0.032023,0.0036755,0.001674,0.00080282,0.0016221,0.0086776,0.0053688,0.011105,0
0.0010474,0.0014704,0.0012855,0.0016289,0.0021014,0.0031302,0.0017506,0.0018498,0.034807,0.0039851,0.0016648,0.00082884,0.0013535,0.0093346,0.0047423,0.011419,0
0.0011274,0.0015011,0.001178,0.0014515,0.0027845,0.004724,0.0026508,0.0055579,0.036313,0.0039045,0.0020264,0.00074853,0.0022986,0.0089841,0.0046164,0.011808,0
0.00098908,0.0015234,0.0012317,0.0016842,0.001882,0.003301,0.0015782,0.0018068,0.031444,0.0041021,0.0014708,0.00087904,0.0015145,0.0088624,0.0036875,0.0097853,0
0.0010303,0.001131,0.0011558,0.0013445,0.0020953,0.0031638,0.0014667,0.0016714,0.037985,0.0040867,0.0013962,0.00080176,0.0013253,0.0094423,0.0035282,0.012905,0
0.00094161,0.0015752,0.0012004,0.001688,0.0020134,0.0030194,0.0015168,0.0018354,0.034493,0.0043576,0.0014871,0.0010544,0.0016722,0.0093632,0.0042386,0.0117,0
0.0010461,0.0013609,0.0013157,0.0013575,0.0020079,0.0032992,0.0015586,0.0021615,0.033095,0.0033018,0.0013894,0.00094456,0.0015966,0.0076536,0.0042436,0.011289,0
0.00086408,0.0014637,0.0012695,0.0014371,0.0031312,0.0042458,0.0015492,0.0022168,0.029816,0.0034385,0.0013665,0.00088726,0.0016605,0.0096546,0.0044416,0.012228,0
0.00092405,0.001484,0.001253,0.0016155,0.001863,0.0031597,0.0012907,0.00192,0.03148,0.0036786,0.001618,0.0008555,0.0013705,0.009896,0.0048216,0.011875,0
0.0010787,0.0013629,0.0014374,0.001493,0.0026367,0.0034308,0.0016669,0.0020096,0.035252,0.0039268,0.0014425,0.00082491,0.0016948,0.010985,0.0048907,0.013235,0
0.0011334,0.0015719,0.0013396,0.0019213,0.0017528,0.0038465,0.0018407,0.002226,0.036646,0.0045432,0.0016734,0.001064,0.0015325,0.011632,0.0049587,0.014196,0
0.0012598,0.0011378,0.0013436,0.0020198,0.002621,0.0046984,0.0015399,0.0021996,0.032373,0.0038185,0.0017064,0.00086733,0.0020381,0.011087,0.0046041,0.012938,0
0.00082871,0.0012627,0.0013777,0.0013867,0.0019285,0.0034699,0.0016774,0.0019772,0.032351,0.0038667,0.0015146,0.00099003,0.0016706,0.011413,0.0043088,0.013952,0
0.0010796,0.001291,0.0013861,0.0015356,0.001913,0.0032709,0.0014919,0.0019779,0.029454,0.003539,0.0013166,0.00078132,0.0017261,0.010933,0.0049202,0.012128,0
0.0010008,0.0016388,0.0013611,0.0016699,0.0022983,0.0032481,0.0020671,0.0021415,0.038854,0.0037107,0.0017953,0.00097966,0.0022003,0.01153,0.0058158,0.014557,0
0.00097363,0.0014488,0.0013422,0.0014923,0.0022521,0.0034589,0.0018916,0.0021711,0.03633,0.0041454,0.001628,0.00090603,0.0022868,0.011308,0.0058945,0.013897,0
0.0010188,0.0013994,0.0012052,0.0016385,0.0020731,0.0037097,0.0014274,0.0023378,0.035456,0.0041558,0.0015664,0.0012039,0.0022134,0.011864,0.0057001,0.014073,0
0.0012742,0.0013594,0.0014579,0.0014792,0.0025675,0.0031803,0.0019158,0.0027457,0.045215,0.004085,0.0015612,0.0011514,0.0020933,0.010188,0.0048452,0.013281,0
0.0012348,0.0015085,0.0015884,0.0015931,0.0041395,0.0032059,0.0021689,0.0029384,0.037278,0.0044816,0.0016873,0.00096405,0.0044747,0.011147,0.0057635,0.012825,0
0.00093834,0.0014368,0.0015226,0.0023739,0.0029617,0.0031571,0.0024854,0.0038939,0.043571,0.0042745,0.0017383,0.00093471,0.0039099,0.010823,0.0056473,0.015149,0
0.0010894,0.0014261,0.0014284,0.0022038,0.0028843,0.0029174,0.0023734,0.0046022,0.039527,0.0046897,0.0016658,0.00096614,0.0039441,0.011278,0.0049614,0.01611,0
0.0012009,0.0015975,0.0015574,0.0017453,0.003206,0.0028965,0.0040159,0.0043206,0.046787,0.0044729,0.0016512,0.00098902,0.0029775,0.012106,0.0047411,0.013901,0
0.0010979,0.0016643,0.0016309,0.0020342,0.0038737,0.0048081,0.0039903,0.0043107,0.0432,0.0044735,0.0019822,0.0015737,0.0033631,0.012129,0.0059647,0.013671,0
0.0011535,0.0020091,0.0014986,0.0018658,0.0033878,0.0037288,0.0046382,0.004205,0.04518,0.0053134,0.001951,0.001034,0.004174,0.013231,0.0061474,0.013217,0
0.0011991,0.0017445,0.001557,0.0017378,0.0033599,0.0038912,0.0045634,0.0050822,0.042908,0.0046342,0.0021085,0.0009536,0.0043674,0.012838,0.0054218,0.016143,0
0.002988,0.0039273,0.0055925,0.0042321,0.027294,0.0046998,0.0085799,0.0074995,0.0031636,0.0023752,0.0016504,0.003131,0.023786,0.039648,0.013778,0.049311,1
0.077466,0.0034538,0.0060208,0.0037591,0.027242,0.0044195,0.0094087,0.0079371,0.0037003,0.0032681,0.0016394,0.0030026,0.025487,0.05023,0.012233,0.044855,1
0.069261,0.0037851,0.0058777,0.0043129,0.025358,0.0063459,0.015224,0.013579,0.0032696,0.0025357,0.0018343,0.0030049,0.022754,0.043321,0.013606,0.048335,1
0.023335,0.0032707,0.0057297,0.00347,0.025578,0.0070474,0.0065711,0.0051488,0.0034015,0.0029991,0.001805,0.0026177,0.035266,0.047036,0.012478,0.039451,1
0.01637,0.0039317,0.0053513,0.0033309,0.026798,0.0060363,0.0077257,0.0052713,0.0033298,0.002295,0.0017557,0.0035939,0.034543,0.052044,0.010942,0.043318,1
0.010376,0.0033782,0.0048375,0.0036388,0.026561,0.0055121,0.0067905,0.005813,0.0027422,0.0026722,0.0019975,0.0025485,0.034673,0.052197,0.01231,0.032367,1
0.0044361,0.0036944,0.0052955,0.0034022,0.026359,0.0051552,0.0070866,0.0061817,0.0027798,0.0028482,0.0017932,0.003682,0.034908,0.053634,0.011305,0.049324,1
0.0033258,0.0037375,0.0049899,0.0027635,0.025842,0.0056732,0.0074613,0.0057471,0.0031419,0.0029415,0.0020103,0.0032165,0.037224,0.05723,0.013761,0.041886,1
0.0036473,0.0044902,0.0054314,0.0033459,0.025703,0.005903,0.0076376,0.0059031,0.0029952,0.0027592,0.0019938,0.0038542,0.035738,0.056898,0.014849,0.040782,1
0.0034996,0.0032578,0.0053582,0.0039682,0.023562,0.0058788,0.0072965,0.0063104,0.0035163,0.003938,0.0017829,0.0032073,0.039204,0.050119,0.014757,0.014757,1
0.0034283,0.0033805,0.0044333,0.0041549,0.018596,0.041532,0.0070478,0.0069052,0.054862,0.040561,0.0029526,0.0020883,0.004222,0.026058,0.011115,0.0049912,1
0.0012604,0.002221,0.0014971,0.0014556,0.017565,0.023188,0.0030012,0.0028485,0.0084846,0.012633,0.0012209,0.0009767,0.0021393,0.025285,0.0040473,0.0017864,1
0.0010614,0.0018777,0.0015485,0.0012623,0.017202,0.018378,0.0022842,0.0022908,0.0076027,0.0091932,0.00095697,0.00097289,0.0024119,0.018761,0.0029341,0.0022206,1
0.00095623,0.0036808,0.0011326,0.0014743,0.015695,0.019399,0.0019707,0.0018845,0.0071442,0.0065707,0.0012347,0.0012334,0.0025687,0.019447,0.0032018,0.0016501,1
0.00077162,0.001875,0.00098479,0.0014354,0.01561,0.01595,0.0014039,0.0022368,0.0072574,0.0068324,0.00083689,0.00070896,0.0015314,0.021381,0.0030579,0.0017037,1
0.0011152,0.0018607,0.002378,0.0019404,0.016351,0.017542,0.0018979,0.0023911,0.0073739,0.0042073,0.0010062,0.00074076,0.0014888,0.024241,0.0035551,0.0014424,1
0.00080996,0.0016454,0.0010672,0.0017481,0.014208,0.018324,0.0013022,0.0018059,0.007029,0.0052228,0.0011588,0.00078793,0.0012786,0.018689,0.0029165,0.0017488,1
0.00068118,0.0016625,0.0010312,0.00096081,0.013646,0.013107,0.0011137,0.0014638,0.0054145,0.0027242,0.00074603,0.0009718,0.001279,0.016815,0.0019821,0.0017351,1
0.00065048,0.0016516,0.00092657,0.00092189,0.014831,0.013727,0.0011432,0.0023631,0.0059451,0.0022918,0.00073997,0.00055967,0.0016133,0.018679,0.0019795,0.0014147,1
0.00080661,0.0058999,0.0008733,0.0011434,0.015476,0.015163,0.0013065,0.0018188,0.0072179,0.0026662,0.00091984,0.00065998,0.0014388,0.018318,0.0027722,0.0012144,1
0.0020601,0.0026412,0.01526,0.0053838,0.023251,0.027376,0.0146,0.020172,0.015412,0.010906,0.0021099,0.0013261,0.0070908,0.035752,0.0053606,0.0030768,1
0.0022417,0.0026775,0.011113,0.010726,0.020154,0.038678,0.023586,0.016909,0.012843,0.010156,0.001724,0.0015589,0.0051435,0.034822,0.0056182,0.0032753,1
0.002191,0.0027471,0.010858,0.011148,0.023413,0.047514,0.023169,0.020615,0.01122,0.0084421,0.0019412,0.0013453,0.0056493,0.037501,0.0049663,0.0041278,1
0.0018534,0.0030138,0.010203,0.011104,0.020622,0.033378,0.024587,0.020188,0.012231,0.0047775,0.001852,0.0017421,0.0054271,0.033052,0.00495,0.0031876,1
0.0015716,0.0022901,0.0087811,0.0095508,0.017348,0.02755,0.022814,0.018795,0.011206,0.00337,0.0014226,0.0012431,0.0045167,0.026124,0.0038127,0.0026624,1
0.002704,0.0020808,0.018533,0.015097,0.023414,0.029889,0.045461,0.027514,0.0070661,0.015252,0.0013753,0.0013359,0.0060172,0.014377,0.0031789,0.003655,1
0.0028253,0.0025286,0.018308,0.013175,0.02,0.027879,0.042736,0.026878,0.0075698,0.013326,0.0021798,0.0015074,0.0063938,0.017071,0.0028087,0.0033502,1
0.002128,0.0024661,0.017981,0.016812,0.020483,0.037075,0.046553,0.027775,0.0081563,0.010973,0.0012965,0.0015082,0.0071474,0.016734,0.0028576,0.0029014,1
0.0026714,0.0024564,0.020278,0.016305,0.023676,0.039488,0.048724,0.03157,0.0078304,0.011418,0.0013776,0.0017921,0.0077628,0.017139,0.0031125,0.0037638,1
0.0023895,0.0018215,0.014804,0.011799,0.020301,0.033905,0.039248,0.029109,0.0089485,0.011024,0.001764,0.0017876,0.0065034,0.015737,0.002908,0.0028522,1
0.0027971,0.0024201,0.021442,0.015979,0.0239,0.036384,0.05427,0.035209,0.0091531,0.010037,0.0016438,0.0015261,0.0071227,0.01327,0.002741,0.0026402,1
0.0033951,0.0025653,0.021572,0.015697,0.02203,0.035896,0.051565,0.031654,0.0084134,0.010562,0.0014234,0.0015121,0.0080395,0.014673,0.0032827,0.0030184,1
0.0029317,0.0031659,0.026031,0.013938,0.023056,0.033107,0.050736,0.028039,0.0072853,0.010413,0.0013589,0.0018987,0.0068622,0.014819,0.0025452,0.0029339,1
0.0022645,0.003294,0.014605,0.012681,0.022994,0.029613,0.037258,0.022585,0.0080096,0.014058,0.0012432,0.0014846,0.0061637,0.015409,0.0025532,0.0030736,1
0.0017448,0.0031801,0.005267,0.0037116,0.050378,0.017741,0.014697,0.010291,0.007726,0.0097115,0.0015069,0.0017707,0.0059179,0.022484,0.0030571,0.0029782,1
0.0014827,0.0022654,0.0056161,0.0041782,0.053133,0.018975,0.013239,0.0081261,0.0073198,0.0036642,0.0026296,0.0014331,0.0069614,0.016765,0.0028229,0.0024806,1
0.0017181,0.0018749,0.0041106,0.0038483,0.043316,0.014856,0.0099385,0.00812,0.0079236,0.0032384,0.001656,0.0012931,0.0053853,0.022201,0.0036767,0.0022691,1
0.0013771,0.0017225,0.0034812,0.003452,0.037767,0.010766,0.007925,0.0058823,0.0073221,0.0030915,0.0010148,0.0010627,0.0055303,0.01628,0.0026657,0.0020874,1
0.010129,0.01179,0.0066763,0.0083642,0.065007,0.04703,0.015599,0.0090431,0.011123,0.0094821,0.0027,0.0022472,0.014938,0.033198,0.0043838,0.0046014,1
0.0030659,0.0029193,0.0036346,0.0029128,0.0049559,0.0046688,0.04841,0.024963,0.054182,0.010892,0.0047467,0.0019694,0.021786,0.013819,0.0080319,0.01041,0
0.0095935,0.015392,0.020164,0.022147,0.0092626,0.037262,0.02792,0.024525,0.06341,0.013904,0.0069524,0.0041316,0.025275,0.036923,0.0099449,0.011717,0
0.0029329,0.0027713,0.0079619,0.0046072,0.006017,0.0081063,0.025919,0.02118,0.053955,0.013167,0.0036595,0.0017959,0.017754,0.012831,0.00588,0.0082908,0
0.0044665,0.0059158,0.0054808,0.0073621,0.0061668,0.014957,0.029816,0.026044,0.055683,0.014063,0.0045937,0.0024725,0.020175,0.021223,0.0083135,0.01048,0
0.0072269,0.013339,0.020805,0.012538,0.0099469,0.031552,0.026223,0.023517,0.056214,0.014942,0.0051434,0.0027927,0.021495,0.020527,0.006386,0.008327,0
0.0081759,0.0115,0.0058879,0.010801,0.0076743,0.03108,0.020911,0.021012,0.047906,0.013633,0.0053062,0.0030698,0.018489,0.021847,0.0069041,0.007284,0
0.006779,0.0091398,0.0043667,0.0092941,0.0085673,0.025613,0.020947,0.021447,0.054613,0.014071,0.0042032,0.0023089,0.021671,0.020417,0.0062945,0.0079421,0
0.0062532,0.0097991,0.0051006,0.0076164,0.0085467,0.021141,0.022297,0.0224,0.051186,0.014611,0.0050881,0.0026721,0.018544,0.017953,0.0060105,0.008616,0
0.0061288,0.0090366,0.0056706,0.0077418,0.007025,0.018614,0.019588,0.01978,0.047222,0.012369,0.0047026,0.0021568,0.021454,0.016708,0.0063612,0.0075572,0
0.0070136,0.0073403,0.010679,0.0081351,0.0077001,0.019194,0.019951,0.019023,0.044517,0.013126,0.0041921,0.0019073,0.017164,0.016114,0.006003,0.0084635,0
0.0066478,0.0074418,0.016954,0.0073846,0.0099311,0.01577,0.025931,0.025383,0.046308,0.014191,0.0043136,0.001962,0.020469,0.013611,0.042081,0.0086889,0
0.0070329,0.0070225,0.0055675,0.0080132,0.0069023,0.018877,0.021033,0.021613,0.048853,0.013141,0.0047112,0.0024825,0.017338,0.012258,0.032672,0.0085273,0
0.0065851,0.0059958,0.0061095,0.0074381,0.0077998,0.016876,0.024753,0.025154,0.04994,0.013487,0.005559,0.002087,0.018027,0.013459,0.0072481,0.0082262,0
0.0064305,0.0063278,0.0062407,0.006435,0.0072959,0.018652,0.019147,0.018948,0.060744,0.013542,0.0053737,0.0018644,0.014759,0.011781,0.0054644,0.0087343,0
0.0079902,0.0072018,0.029995,0.0083761,0.008126,0.025785,0.017904,0.018183,0.048016,0.012846,0.0050005,0.0021477,0.016141,0.013354,0.0081422,0.0089579,0
0.007348,0.0064468,0.0083103,0.0088141,0.0094813,0.025468,0.019457,0.019232,0.050917,0.01323,0.004671,0.0018964,0.018799,0.013977,0.0068706,0.009589,0
0.0076137,0.0065836,0.0057537,0.0079943,0.01007,0.024302,0.025627,0.025851,0.057912,0.015782,0.0051808,0.0020998,0.015609,0.012984,0.0064647,0.0087592,0
0.0074319,0.0059253,0.0083296,0.0088823,0.0082929,0.023928,0.022011,0.0224,0.054315,0.01374,0.0049104,0.0019704,0.018973,0.013658,0.0080607,0.0083712,0
0.007731,0.0069514,0.0057111,0.0085255,0.008847,0.024115,0.023633,0.024007,0.047344,0.014712,0.0047995,0.0021767,0.017642,0.014012,0.0071909,0.0097149,0
0.0068377,0.0061753,0.0055783,0.0073645,0.0089176,0.025001,0.019067,0.019702,0.052038,0.013941,0.0049558,0.0017602,0.015077,0.013304,0.0075665,0.0084071,0
0.0076813,0.0060335,0.036801,0.0082205,0.0071494,0.024501,0.019048,0.019893,0.048595,0.013531,0.0045997,0.0020108,0.016573,0.014083,0.0057646,0.0097288,0
0.0064545,0.0056789,0.0054408,0.0070152,0.0068213,0.023116,0.018067,0.018873,0.054165,0.012676,0.0053366,0.0020662,0.017063,0.012542,0.0065885,0.0084881,0
0.0067067,0.0061289,0.004635,0.0077569,0.005738,0.022488,0.017045,0.017758,0.051051,0.012727,0.0049969,0.0019546,0.015344,0.011901,0.0072356,0.0094516,0
0.0076251,0.0062026,0.005278,0.007425,0.0071998,0.019901,0.018006,0.018804,0.052852,0.015071,0.0046859,0.0020004,0.018156,0.012873,0.0067381,0.0080151,0
0.006447,0.0057645,0.0063724,0.0084365,0.008861,0.023101,0.015515,0.015589,0.045144,0.013771,0.0038912,0.0018005,0.016441,0.013297,0.0066548,0.0081981,0
0.0062646,0.0063176,0.0044552,0.0077845,0.0069267,0.022183,0.011768,0.012326,0.047552,0.014491,0.0043258,0.0019324,0.014128,0.011841,0.0061279,0.0080635,0
0.0067812,0.0051333,0.0039451,0.005523,0.0055817,0.019539,0.013667,0.013986,0.045199,0.012327,0.0044033,0.0014907,0.016782,0.011732,0.0073311,0.006967,0
0.0059199,0.0058077,0.0043442,0.0084266,0.0053164,0.020052,0.0074414,0.0073703,0.049845,0.01213,0.0032431,0.0015035,0.013628,0.010932,0.0061717,0.0074769,0
0.0091335,0.020134,0.0056637,0.014797,0.0086588,0.041251,0.015956,0.016438,0.058753,0.016152,0.0050612,0.003428,0.017591,0.028597,0.008646,0.010311,0
0.0067838,0.0082495,0.006761,0.0091792,0.0073614,0.028934,0.016461,0.016649,0.054132,0.019019,0.0048101,0.0021973,0.015303,0.017241,0.0066131,0.0097473,0
0.0078253,0.01075,0.0046282,0.011942,0.0073666,0.029522,0.013985,0.014584,0.047952,0.017217,0.0048853,0.0024813,0.015834,0.018517,0.0076242,0.008161,0
0.0072396,0.01092,0.0042366,0.011422,0.0070195,0.031679,0.013693,0.014037,0.048044,0.016277,0.0040335,0.0022774,0.014641,0.0165,0.0069104,0.008578,0
0.0064002,0.010783,0.0058654,0.010651,0.0071299,0.030649,0.014698,0.014956,0.053485,0.015605,0.0042999,0.0022572,0.01388,0.018903,0.0058796,0.0086539,0
0.0071904,0.010591,0.0054329,0.011439,0.0069214,0.034748,0.014122,0.015256,0.054217,0.020245,0.0043501,0.0032866,0.016944,0.019653,0.0055944,0.0093756,0
0.0066845,0.010068,0.004789,0.013995,0.0071957,0.033291,0.015065,0.016003,0.05649,0.016363,0.004045,0.0026903,0.018143,0.01922,0.0065351,0.0082603,0
0.0045704,0.0089765,0.0051223,0.0077141,0.0070737,0.025307,0.022659,0.022144,0.07372,0.026706,0.0048628,0.0034412,0.010808,0.029355,0.01789,0.016851,0
0.0043776,0.0033408,0.0051085,0.0052826,0.0061351,0.010038,0.022047,0.022691,0.067281,0.018022,0.0043581,0.0022511,0.010335,0.018986,0.010219,0.012939,0
0.0030312,0.002835,0.0041579,0.0048866,0.0050013,0.0096785,0.013047,0.013942,0.053206,0.017235,0.0027039,0.0017465,0.0089274,0.013525,0.0076084,0.010031,0
0.0035548,0.0032182,0.0091264,0.0052594,0.0064558,0.0096333,0.025305,0.026196,0.064945,0.017252,0.0039604,0.0024158,0.0086775,0.016226,0.011089,0.012984,0
0.063976,0.044814,0.025153,0.039005,0.063676,0.48568,0.082024,0.031295,0.020965,0.015111,0.018825,0.012302,0.18863,0.087148,0.025721,0.013608,1
0.07387,0.025654,0.026417,0.013974,0.051984,0.22253,0.074791,0.030868,0.011857,0.0097488,0.014601,0.01056,0.20022,0.067112,0.017207,0.009325,1
0.072694,0.053953,0.02994,0.03004,0.059362,0.41304,0.076547,0.030937,0.016616,0.01417,0.020787,0.014195,0.17273,0.098323,0.021598,0.014647,1
0.043157,0.042199,0.016832,0.017223,0.035047,0.3063,0.042724,0.026223,0.016787,0.012025,0.016419,0.013988,0.16395,0.10875,0.019223,0.013051,1
0.0092808,0.018011,0.0090107,0.0065722,0.019124,0.036689,0.068086,0.032815,0.010035,0.0070175,0.0067239,0.009065,0.11726,0.079291,0.012442,0.0089953,1
0.038533,0.040084,0.014935,0.017572,0.026936,0.19573,0.056199,0.02661,0.012804,0.010091,0.01052,0.014945,0.12206,0.14447,0.014641,0.014051,1
0.016772,0.01937,0.010404,0.0079942,0.019079,0.058449,0.054833,0.026256,0.010304,0.0071606,0.005476,0.0092538,0.11518,0.072168,0.013543,0.0091246,1
0.0078515,0.016557,0.0092647,0.0057258,0.019248,0.0456,0.052383,0.025224,0.009992,0.0062411,0.0039907,0.0062017,0.099675,0.05762,0.010972,0.0064772,1
0.009892,0.014834,0.010987,0.0064105,0.019458,0.046331,0.044037,0.023569,0.010504,0.0070104,0.004719,0.0068947,0.12468,0.060771,0.014399,0.0072628,1
0.010881,0.013891,0.011441,0.00692,0.020971,0.052903,0.046156,0.026934,0.011739,0.007023,0.0042294,0.0068874,0.13923,0.067091,0.012197,0.0073579,1
0.0085797,0.014567,0.010792,0.0055785,0.019366,0.041984,0.036139,0.022449,0.012988,0.0080798,0.0042849,0.0066489,0.10119,0.076513,0.012782,0.0069956,1
0.0096055,0.014466,0.010475,0.0059475,0.016755,0.043629,0.045156,0.023578,0.0090317,0.0070399,0.0036516,0.0058005,0.11677,0.065914,0.011988,0.0069698,1
0.0092541,0.014062,0.0087982,0.0054138,0.017625,0.049096,0.044989,0.017322,0.010488,0.0065219,0.0038591,0.0066052,0.12176,0.062709,0.011269,0.0071454,1
0.009334,0.015776,0.009493,0.0063152,0.019924,0.051739,0.046011,0.02159,0.010291,0.0071569,0.0037297,0.0077131,0.10657,0.065104,0.010931,0.0074289,1
0.008421,0.012709,0.011278,0.0062516,0.020459,0.04497,0.048656,0.019026,0.0097138,0.0068383,0.0038474,0.0071493,0.098905,0.060408,0.011639,0.0069241,1
0.014281,0.014715,0.013542,0.0074271,0.019882,0.062329,0.051565,0.019628,0.011511,0.0073375,0.0047679,0.0072401,0.12869,0.053323,0.012922,0.0077093,1
0.016873,0.01371,0.012099,0.0069287,0.016991,0.05254,0.043598,0.019574,0.010622,0.0079471,0.0040709,0.0068878,0.11967,0.056546,0.012285,0.0074054,1
0.01644,0.013614,0.012812,0.0065616,0.02027,0.04679,0.049542,0.021693,0.0089505,0.0081933,0.0045153,0.0070949,0.11286,0.071393,0.0095842,0.0084142,1
0.015515,0.011379,0.011429,0.0053135,0.016532,0.045457,0.044272,0.014733,0.0075025,0.007183,0.0038954,0.0072577,0.10391,0.059632,0.0088841,0.0074129,1
0.017135,0.013043,0.012172,0.0059081,0.017023,0.040139,0.040866,0.01473,0.0082796,0.0075566,0.0039971,0.0072272,0.10166,0.068893,0.0089953,0.0071402,1
0.015418,0.014228,0.012932,0.0065572,0.015283,0.047263,0.041889,0.018123,0.0065982,0.007375,0.003305,0.0065197,0.08953,0.06343,0.007544,0.0066311,1
0.049524,0.015025,0.025465,0.0097633,0.03632,0.25294,0.039571,0.021702,0.011984,0.010798,0.013504,0.008172,0.13294,0.075784,0.012709,0.0098908,1
0.04115,0.01603,0.022204,0.0091153,0.032319,0.22925,0.029361,0.01344,0.012091,0.008929,0.013268,0.0095148,0.15098,0.065992,0.012169,0.0091847,1
0.054631,0.017405,0.028332,0.010635,0.044348,0.24851,0.038537,0.018387,0.012555,0.010885,0.013909,0.010032,0.16397,0.067913,0.014865,0.0097994,1
0.042481,0.018575,0.025823,0.0093726,0.04306,0.24894,0.0343,0.017622,0.012549,0.010719,0.014026,0.0090712,0.16353,0.061323,0.014767,0.0099878,1
0.050909,0.016672,0.030926,0.011061,0.035563,0.27194,0.034147,0.016085,0.016443,0.012357,0.014626,0.0089484,0.18131,0.069238,0.016733,0.0101,1
0.05128,0.016299,0.028864,0.0091604,0.036322,0.24958,0.029274,0.014191,0.011931,0.011761,0.014465,0.0089958,0.16881,0.061752,0.012831,0.0098673,1
0.044587,0.013506,0.022803,0.0079726,0.031374,0.21992,0.031274,0.015639,0.014514,0.012823,0.012477,0.0092169,0.17414,0.05699,0.013926,0.0096368,1
0.0091336,0.0028429,0.004078,0.0019689,0.022742,0.0084323,0.0035898,0.0016513,0.0025556,0.0025957,0.0012549,0.0011319,0.042372,0.015111,0.0016949,0.0097636,0
0.0066917,0.0019138,0.0031673,0.0017645,0.013626,0.0077647,0.004214,0.0019551,0.0031319,0.0033231,0.0013038,0.001117,0.038613,0.011901,0.0028093,0.0075439,0
0.001949,0.0011158,0.0011963,0.00099887,0.002637,0.0018715,0.0030166,0.0015335,0.0020543,0.002143,0.00092443,0.00086026,0.045769,0.0096481,0.0017362,0.00884,0
0.0022407,0.0010155,0.0011998,0.0010089,0.0022757,0.0017794,0.0030983,0.0016048,0.002488,0.0020637,0.00097998,0.00070841,0.053954,0.0088447,0.0019877,0.010292,0
0.0022725,0.0013907,0.0016414,0.0012588,0.0029501,0.0020964,0.0029595,0.0016235,0.0026873,0.0025214,0.0010589,0.00090113,0.065593,0.010016,0.0018047,0.011472,0
0.0018428,0.0010178,0.0012248,0.00097094,0.0018519,0.001928,0.0026348,0.0015843,0.0025201,0.0023072,0.00094057,0.00078308,0.05027,0.011473,0.001794,0.0092401,0
0.001551,0.0011583,0.001148,0.00087081,0.0019764,0.0016515,0.0060627,0.0042669,0.0024883,0.0028625,0.001084,0.0010236,0.052399,0.0097479,0.0019101,0.0090402,0
0.0017429,0.00099277,0.0010935,0.0010374,0.0018299,0.0016145,0.0025971,0.001446,0.0025086,0.0023974,0.0010002,0.0008437,0.049278,0.0094396,0.0017301,0.0096103,0
0.0012953,0.0010355,0.00094497,0.00092314,0.0011159,0.001478,0.0021564,0.0013429,0.0023937,0.0020042,0.00074092,0.00073664,0.040363,0.0091289,0.0015186,0.0084811,0
0.0013885,0.00084251,0.00090315,0.00088247,0.0017336,0.0013172,0.0023308,0.0010982,0.0019799,0.0022206,0.00079221,0.00080555,0.039206,0.0081134,0.0013477,0.0084402,0
0.0010363,0.0011037,0.00090884,0.00082206,0.0014398,0.0013245,0.0031523,0.0014011,0.0020283,0.0023643,0.00071703,0.00070019,0.03929,0.0085169,0.0014136,0.0080433,0
0.0014528,0.00088836,0.00093221,0.00095937,0.0011511,0.0012118,0.0024603,0.0013117,0.0022276,0.0020776,0.00086928,0.00070387,0.039191,0.0089466,0.0015897,0.007027,0
0.0012564,0.00096852,0.00087785,0.00081004,0.0011418,0.0017957,0.0020607,0.0012111,0.0022647,0.0019788,0.00063391,0.00067137,0.033226,0.0093317,0.0013563,0.0081698,0
0.00095183,0.00089062,0.00085975,0.00074678,0.0010607,0.0011306,0.0031411,0.0011368,0.0022414,0.0022786,0.00072236,0.00072132,0.028244,0.0092144,0.0014025,0.0071886,0
0.00082376,0.00083104,0.00078624,0.00094006,0.0012225,0.0011215,0.0026271,0.0010597,0.0020194,0.0020398,0.00068877,0.00072186,0.028031,0.00834,0.0012975,0.0082677,0
0.00089158,0.00078393,0.0010064,0.00085956,0.0009549,0.001296,0.0027602,0.0012329,0.0022601,0.0019902,0.0006569,0.00059985,0.026987,0.0087691,0.0013525,0.0079224,0
0.0011739,0.00097612,0.00082284,0.0007911,0.0010732,0.0012572,0.0023579,0.00099505,0.0024403,0.0022351,0.00075352,0.00076864,0.033275,0.0099072,0.0015707,0.0092247,0
0.00079869,0.0008167,0.00085962,0.00097813,0.0011476,0.0011727,0.0030624,0.0010498,0.0026635,0.0022028,0.00070536,0.00078609,0.030431,0.010153,0.001827,0.010981,0
0.00077955,0.00089321,0.0007516,0.00097877,0.00099202,0.0011914,0.0024662,0.0013428,0.0018274,0.0017555,0.00059263,0.00062044,0.021414,0.0092606,0.0013699,0.0084011,0
0.0007516,0.00078196,0.0010019,0.00070302,0.0011949,0.0011424,0.0029439,0.00097233,0.0021198,0.0019077,0.00061913,0.00060007,0.020638,0.009137,0.0012369,0.0081377,0
0.0012867,0.0013871,0.001124,0.0011393,0.0042422,0.0028965,0.0028395,0.0011825,0.0021078,0.0019154,0.00081968,0.00065667,0.024891,0.011918,0.0014695,0.0081571,0
0.0010749,0.0012751,0.0011198,0.00085417,0.0043659,0.0033801,0.0029005,0.0010356,0.0018265,0.0019123,0.00078639,0.00071907,0.02237,0.011776,0.0014461,0.0086934,0
0.0012849,0.0012559,0.0012838,0.0010652,0.0047596,0.0031826,0.0025584,0.0010606,0.0020321,0.0020654,0.00065326,0.00079067,0.026933,0.012687,0.0014769,0.0084185,0
0.0013344,0.0011518,0.001399,0.00099588,0.0044471,0.0028856,0.0027159,0.0017051,0.0021082,0.002473,0.00078299,0.00073019,0.02517,0.012966,0.001436,0.0088703,0
0.0010898,0.0011322,0.0012328,0.00085978,0.0038725,0.0028658,0.002949,0.0011827,0.0018365,0.0022459,0.00075856,0.00068349,0.021293,0.012209,0.0012074,0.0074119,0
0.00093479,0.0012315,0.0011308,0.00093224,0.0041338,0.0034024,0.0026397,0.0010691,0.0020292,0.001696,0.00064807,0.00063364,0.019811,0.012969,0.001184,0.0079341,0
0.0010906,0.0011067,0.0013337,0.00084292,0.0040662,0.0029259,0.0022666,0.0011035,0.0016841,0.0018753,0.00061427,0.00056595,0.020369,0.0093941,0.0011512,0.0062286,0
0.0012146,0.0011254,0.0011064,0.00094374,0.0043068,0.0030039,0.0027871,0.0011035,0.0019031,0.0018681,0.00066494,0.0007828,0.022733,0.012387,0.0013776,0.0086974,0
0.0025119,0.0054159,0.0027879,0.0020976,0.0085083,0.0034158,0.0027091,0.014807,0.0069792,0.004309,0.0021166,0.0022079,0.021412,0.075252,0.0063152,0.0048037,1
0.0023391,0.006384,0.0027312,0.0022459,0.0082159,0.0033491,0.0033342,0.011442,0.0072249,0.0036177,0.0021273,0.0021827,0.018274,0.064256,0.0076457,0.0042335,1
0.0021468,0.0056114,0.0022594,0.0018081,0.0098342,0.0026556,0.0030674,0.0085144,0.0068584,0.004003,0.0022338,0.0021561,0.018133,0.076469,0.006453,0.00385,1
0.002192,0.0051985,0.0022379,0.0019533,0.0099101,0.0030527,0.0033158,0.011542,0.0069881,0.0040393,0.0022565,0.0024767,0.021215,0.066468,0.0057628,0.0044841,1
0.0021563,0.0053807,0.0022568,0.0018193,0.0096795,0.0028692,0.0033531,0.01167,0.0069012,0.0039668,0.0021135,0.0025025,0.018087,0.070492,0.006651,0.0046631,1
0.0038319,0.005432,0.0026881,0.0020587,0.010761,0.0030789,0.0032815,0.012132,0.0067422,0.0040533,0.0025599,0.0022391,0.033418,0.069793,0.0068786,0.0044055,1
0.0034338,0.0046378,0.0024824,0.0017865,0.0090836,0.002787,0.003274,0.011907,0.0067457,0.0036963,0.0022995,0.0019349,0.028464,0.06707,0.0060153,0.004551,1
0.0044786,0.00484,0.0022833,0.0018877,0.0095596,0.0023712,0.0031165,0.0078789,0.006248,0.0037944,0.0030607,0.0022032,0.029289,0.064748,0.0071535,0.004125,1
0.0033171,0.0043088,0.0022332,0.0015884,0.0082054,0.0023685,0.0030599,0.0075524,0.0056169,0.0038844,0.0023823,0.0018654,0.026875,0.063077,0.0063656,0.0042493,1
0.0047622,0.0059616,0.003098,0.0017682,0.008499,0.0042343,0.0034104,0.0057028,0.0051755,0.0039583,0.0026461,0.0023553,0.032793,0.068445,0.0069132,0.0049313,1
0.0049181,0.0046326,0.0024745,0.0017961,0.009962,0.0028837,0.0035495,0.007711,0.005997,0.0037128,0.0030028,0.0020516,0.032229,0.066831,0.0069199,0.0044686,1
0.0051667,0.0048539,0.0025405,0.0019461,0.010341,0.0030708,0.0029414,0.009552,0.0062346,0.0046413,0.0030657,0.0023107,0.032852,0.067406,0.0063677,0.0049019,1
0.0057215,0.0051601,0.0023237,0.0016938,0.010433,0.0023308,0.0029423,0.0056995,0.0060703,0.0042199,0.0028174,0.0024939,0.033604,0.072028,0.007874,0.005832,1
0.0046927,0.0045719,0.0023932,0.0014814,0.0095839,0.002453,0.00299,0.0036096,0.00599,0.0044349,0.0028803,0.0021871,0.036278,0.082876,0.0082171,0.0055308,1
0.004813,0.0044637,0.0043236,0.0017881,0.0095175,0.0033056,0.0036051,0.0054276,0.0063825,0.0040724,0.0032476,0.0019996,0.033109,0.06845,0.0087016,0.0059718,1
0.0054358,0.004847,0.0021315,0.0014559,0.0088748,0.0023981,0.0028645,0.0033522,0.0055315,0.0034719,0.0026647,0.0019383,0.034331,0.051557,0.0069459,0.0049901,1
0.0056438,0.0043972,0.0025688,0.001612,0.01012,0.0027092,0.002563,0.0044039,0.0064047,0.0042864,0.0028427,0.0018757,0.037584,0.058391,0.0060351,0.0051939,1
0.0056577,0.0041457,0.0026516,0.0015292,0.011986,0.0026448,0.0027981,0.0057771,0.005608,0.0038336,0.0028422,0.0018015,0.032684,0.057678,0.0062387,0.0051817,1
0.0057318,0.0049961,0.0027732,0.0015991,0.0093061,0.0027744,0.0039068,0.0039657,0.0053314,0.0036723,0.0028721,0.0022599,0.036186,0.069482,0.0064247,0.0052233,1
0.0057862,0.0049419,0.0028506,0.001569,0.009283,0.00221,0.0034486,0.0033443,0.0054344,0.0039943,0.0026512,0.0019722,0.032594,0.074321,0.0065628,0.0056092,1
0.0065527,0.0050537,0.0029374,0.0017521,0.010847,0.0025727,0.0030384,0.0038394,0.0063653,0.0050086,0.0029214,0.0024246,0.037168,0.077854,0.0067785,0.0065957,1
0.0055857,0.005477,0.0031994,0.0017654,0.012128,0.0027911,0.0029012,0.0089472,0.005743,0.0044384,0.0026105,0.0022483,0.023634,0.067317,0.0070129,0.0049488,1
0.0057128,0.00438,0.0023487,0.0018483,0.010448,0.0026774,0.0037223,0.0080071,0.005498,0.0043899,0.0028739,0.0020491,0.029286,0.064599,0.0077616,0.0059488,1
0.0060443,0.0044753,0.0024663,0.001787,0.010164,0.00283,0.0031281,0.0044497,0.0062631,0.0045193,0.0025573,0.0019683,0.030621,0.05867,0.0065969,0.0050372,1
0.0072023,0.0049112,0.0027123,0.0015176,0.010794,0.0023797,0.0034764,0.0048629,0.006921,0.0047685,0.0028935,0.0021914,0.029552,0.058259,0.0063485,0.0064653,1
0.0073522,0.0045676,0.0025535,0.0015638,0.010339,0.0025554,0.0025183,0.0051035,0.0055379,0.0042305,0.0027308,0.001887,0.035608,0.062881,0.0060102,0.005924,1
0.0065831,0.0044107,0.0025342,0.0015802,0.012173,0.0024045,0.0033606,0.0036806,0.0062246,0.0051318,0.0028411,0.0017643,0.032751,0.060121,0.0058188,0.0052194,1
0.0077485,0.0046637,0.002907,0.0016024,0.010664,0.0028572,0.0032974,0.0038681,0.0058168,0.0046266,0.0030218,0.0021126,0.031273,0.066365,0.0063428,0.0066676,1
0.007008,0.0043218,0.0026346,0.0015727,0.010572,0.0028787,0.0032747,0.0041642,0.0060141,0.0047287,0.0030814,0.002385,0.033787,0.06118,0.0070238,0.0060304,1
0.0088864,0.0043737,0.0025191,0.0017437,0.011152,0.00293,0.0039286,0.0039323,0.0067102,0.004895,0.0034722,0.0021079,0.043668,0.062641,0.0071936,0.0063945,1
0.0067321,0.0042223,0.0025702,0.0016306,0.010186,0.0033546,0.0032994,0.0043162,0.0072134,0.0048636,0.0034131,0.0020995,0.035698,0.056302,0.0078179,0.0065085,1
0.0090453,0.0047884,0.0027582,0.0019158,0.010693,0.0023316,0.0035394,0.0052566,0.0065566,0.005296,0.0032826,0.0021286,0.036365,0.06784,0.0070266,0.0071846,1
0.0082557,0.0042552,0.0028821,0.0015177,0.01155,0.0028798,0.0035441,0.004416,0.0070779,0.0055222,0.0036342,0.0022724,0.039686,0.07464,0.0080102,0.0061816,1
0.0098416,0.0046954,0.0027487,0.0016067,0.011363,0.0024572,0.0036081,0.0039041,0.007293,0.0051681,0.0036407,0.0020961,0.042673,0.06407,0.0090618,0.0067101,1
0.0084082,0.0048507,0.0032984,0.0019891,0.0098043,0.0025394,0.003607,0.0049363,0.0075112,0.0056831,0.0034429,0.00218,0.040507,0.087202,0.0077442,0.0071599,1
0.0088398,0.0048916,0.0031518,0.0019218,0.010748,0.0027049,0.0041726,0.0052103,0.0065432,0.005052,0.0032831,0.0020691,0.03647,0.075986,0.0079273,0.0069416,1
0.0077564,0.0049507,0.0032261,0.0018534,0.011468,0.003198,0.0041648,0.0050246,0.0068622,0.0057204,0.0034331,0.0022524,0.038423,0.071338,0.0073856,0.0068625,1
0.0091512,0.0044543,0.0034876,0.0015956,0.010296,0.0026198,0.010805,0.0058972,0.0064063,0.0045127,0.0038069,0.0022511,0.044113,0.066916,0.0078182,0.0068569,1
0.0091439,0.0048003,0.0035905,0.0019068,0.012448,0.0037738,0.014088,0.0063303,0.0069285,0.0051845,0.00327,0.0022929,0.038218,0.071052,0.0084007,0.0072905,1
0.0087104,0.0043398,0.0035986,0.0017204,0.012417,0.0026113,0.015669,0.0079349,0.0069022,0.0049588,0.0032602,0.0021469,0.037313,0.06524,0.007384,0.0064808,1
0.0086006,0.0090152,0.016279,0.012838,0.012678,0.011669,0.020004,0.013447,0.063699,0.050111,0.033871,0.012817,0.050818,0.091709,0.45605,0.19391,0
0.0074934,0.0055515,0.0128,0.010441,0.0082296,0.0084847,0.014794,0.0080881,0.032099,0.026962,0.015229,0.0082558,0.061028,0.0956,0.24718,0.088609,0
0.0070933,0.006334,0.012361,0.012241,0.010487,0.0091202,0.016655,0.0097389,0.045204,0.036286,0.0198,0.0072809,0.054739,0.093672,0.29208,0.098716,0
0.0070217,0.0062999,0.010738,0.011364,0.012196,0.0096615,0.014852,0.011573,0.041688,0.038569,0.019502,0.0083637,0.059453,0.089228,0.27479,0.11338,0
0.0073311,0.0069065,0.010071,0.014615,0.0093337,0.0083172,0.012909,0.010454,0.039225,0.035281,0.019491,0.0092973,0.042431,0.076205,0.24842,0.092019,0
0.0060188,0.0045215,0.0096644,0.0095768,0.0093909,0.0063335,0.014077,0.0086939,0.032164,0.024865,0.0154,0.0075118,0.049172,0.074823,0.19607,0.081759,0
0.0056788,0.0069277,0.043044,0.0092154,0.01781,0.0065242,0.013448,0.0065527,0.036497,0.016304,0.0086237,0.0044765,0.067328,0.11305,0.11854,0.038292,0
0.0046481,0.005266,0.0071587,0.0072102,0.021916,0.0086892,0.008883,0.0079947,0.060509,0.099461,0.014538,0.0087016,0.093424,0.050638,0.16453,0.066675,0
0.0063902,0.0059234,0.0078165,0.007275,0.014431,0.0091248,0.0076973,0.0069643,0.061888,0.088791,0.017822,0.0090245,0.082339,0.044378,0.17812,0.073407,0
0.0075429,0.0065209,0.0063657,0.0059002,0.016375,0.0076523,0.0077365,0.0065973,0.056589,0.08337,0.014894,0.0084151,0.079536,0.046767,0.15768,0.069764,0
0.0068852,0.0046114,0.0070451,0.0070412,0.020653,0.0092426,0.0068163,0.0069233,0.074751,0.092024,0.013138,0.0090692,0.07256,0.042615,0.14135,0.058049,0
0.0084635,0.0046588,0.0073305,0.0062656,0.019346,0.0071731,0.0072817,0.006476,0.06564,0.090143,0.0094867,0.008788,0.074995,0.04182,0.1152,0.049209,0
0.011037,0.0051516,0.0099645,0.0056724,0.023223,0.0054441,0.0075505,0.0069878,0.049185,0.080426,0.01011,0.0087905,0.082685,0.039115,0.1291,0.056086,0
0.010365,0.0052161,0.0063606,0.0054212,0.024723,0.006252,0.0061043,0.0058308,0.050629,0.077059,0.011569,0.0075372,0.090894,0.04104,0.12172,0.053109,0
0.01257,0.0049835,0.006997,0.005484,0.028192,0.0075892,0.0070938,0.0055691,0.051893,0.099016,0.012018,0.0077094,0.093303,0.04431,0.14481,0.052811,0
0.010337,0.0050351,0.0066927,0.0052584,0.026276,0.0063894,0.0061537,0.0055543,0.056276,0.091162,0.012907,0.008145,0.097064,0.032782,0.13748,0.054552,0
0.010549,0.0056552,0.0064761,0.0054482,0.023468,0.0070749,0.007808,0.0057545,0.055558,0.10935,0.0096193,0.0085267,0.077769,0.04286,0.13257,0.051928,0
0.010181,0.0058333,0.0068642,0.0058492,0.023167,0.0071586,0.006346,0.006279,0.056085,0.1147,0.012092,0.0077659,0.10245,0.043392,0.15542,0.057018,0
0.0098157,0.0055886,0.0070514,0.0060039,0.021072,0.0079061,0.0085996,0.0067013,0.051683,0.096342,0.010826,0.0087658,0.08888,0.043739,0.13612,0.059367,0
0.010526,0.0050058,0.0073886,0.0056126,0.025561,0.0073575,0.007197,0.0063995,0.051352,0.10165,0.010406,0.0082385,0.097086,0.041337,0.13493,0.06201,0
0.013466,0.0070641,0.0079292,0.0069876,0.023562,0.0091962,0.0070087,0.0072515,0.058891,0.11397,0.011965,0.010549,0.16754,0.1167,0.14394,0.05623,0
0.01361,0.0066577,0.0086924,0.0070882,0.022577,0.0097787,0.007048,0.0073048,0.050486,0.098712,0.012813,0.008774,0.15464,0.11681,0.1302,0.056714,0
0.0092501,0.0070293,0.0080471,0.0067859,0.017762,0.0085723,0.0079194,0.0074571,0.065252,0.12056,0.012677,0.010902,0.16045,0.11303,0.14528,0.068572,0
0.010708,0.0094224,0.010292,0.0085281,0.015119,0.010057,0.0093888,0.0085964,0.061381,0.10436,0.018265,0.012081,0.17766,0.18428,0.19658,0.10008,0
0.010761,0.0089348,0.0089512,0.0085115,0.011289,0.010945,0.010803,0.0087609,0.064644,0.11299,0.015787,0.011708,0.20777,0.21977,0.20117,0.094742,0
0.0085173,0.0075742,0.0076597,0.0079828,0.012639,0.009822,0.0087312,0.0078148,0.067742,0.11764,0.01998,0.012696,0.16312,0.13809,0.28005,0.10612,0
0.008432,0.0081252,0.009834,0.008056,0.010001,0.0090522,0.0093264,0.0086408,0.060682,0.10929,0.017811,0.012286,0.19031,0.1693,0.23735,0.095633,0
0.010871,0.0078437,0.0071096,0.0077535,0.0098257,0.0085177,0.0097308,0.0076854,0.067808,0.09678,0.014993,0.011701,0.19217,0.18046,0.20244,0.085349,0
0.010233,0.0086402,0.0086081,0.007791,0.012225,0.0093384,0.010956,0.0092693,0.057846,0.096724,0.017159,0.012396,0.19176,0.18633,0.19115,0.086599,0
0.010468,0.008191,0.0095401,0.0095329,0.015807,0.014611,0.011484,0.0092209,0.063444,0.10741,0.021275,0.013194,0.15765,0.090316,0.23664,0.11604,0
0.0096357,0.0090674,0.0089846,0.0081351,0.014133,0.0095797,0.010019,0.0083821,0.076061,0.11688,0.015833,0.012155,0.15053,0.12327,0.19506,0.086307,0
0.0098717,0.0069054,0.0080521,0.0066701,0.011489,0.0093212,0.0094284,0.0085101,0.069148,0.10814,0.017545,0.011213,0.15134,0.11255,0.15824,0.070486,0
0.010646,0.0073818,0.0086846,0.0072581,0.01222,0.0081295,0.0082317,0.007833,0.066451,0.11741,0.015009,0.010736,0.13674,0.096757,0.18032,0.069901,0
0.0086904,0.0064022,0.0079766,0.0080427,0.012923,0.011664,0.0089462,0.0093611,0.078957,0.10439,0.016961,0.009662,0.14618,0.097639,0.18423,0.087059,0
0.0086547,0.0069104,0.0083341,0.0076374,0.011686,0.00887,0.0088859,0.0081079,0.076353,0.13314,0.017582,0.010506,0.15979,0.089153,0.16948,0.076756,0
0.0083274,0.0075139,0.0078936,0.0068109,0.0091431,0.0077427,0.0079359,0.0076007,0.059003,0.10726,0.013647,0.010824,0.12548,0.079063,0.17325,0.074705,0
0.0089724,0.0065934,0.0079397,0.0074622,0.0093969,0.009485,0.0086776,0.0083468,0.067099,0.10632,0.017006,0.012209,0.15488,0.087742,0.18047,0.09015,0
0.0096758,0.007031,0.0080291,0.0066866,0.011089,0.0085995,0.0083095,0.0089595,0.062578,0.10496,0.01453,0.010317,0.16228,0.097079,0.15726,0.068779,0
0.01151,0.0061955,0.0084123,0.0080091,0.010752,0.0094586,0.0088324,0.0088727,0.074251,0.13763,0.014824,0.010912,0.15496,0.10972,0.15003,0.066538,0
0.0093668,0.0083002,0.0086382,0.0078996,0.010165,0.0096368,0.0092302,0.007968,0.056787,0.12912,0.015837,0.012972,0.16499,0.20475,0.1442,0.072736,0
0.0016269,0.00061235,0.0018158,0.00082216,0.0016158,0.00074364,0.0042689,0.0048652,0.00087663,0.00063355,0.00063161,0.00054224,0.026898,0.0057249,0.0009702,0.0005548,1
0.0016154,0.00067556,0.0019282,0.0008253,0.0030376,0.0023569,0.005056,0.0059034,0.0012461,0.00098864,0.00083684,0.00083762,0.02491,0.0074001,0.0011834,0.00077305,1
0.00115,0.00084219,0.0017262,0.00093964,0.0020448,0.0033784,0.0042249,0.0055914,0.00090471,0.00082694,0.00050446,0.00080296,0.025515,0.0068723,0.0011315,0.001204,1
0.0012488,0.00055706,0.001875,0.0010629,0.0016631,0.00073379,0.0050746,0.0048959,0.0010543,0.00051131,0.00060803,0.00043829,0.025758,0.0054875,0.0011334,0.00052418,1
0.0012065,0.00058614,0.00178,0.0010173,0.0016816,0.00084982,0.0042776,0.0057682,0.0010149,0.00074721,0.00059287,0.00055602,0.023168,0.0050519,0.0010355,0.00057796,1
0.0014531,0.00063796,0.0021724,0.0010575,0.0026474,0.0013305,0.005071,0.0058291,0.0012219,0.00074697,0.00073301,0.00066133,0.023897,0.0062741,0.0010798,0.00059241,1
0.0012316,0.00056047,0.0023719,0.00097284,0.0028234,0.001653,0.0052474,0.0071613,0.0014544,0.00081212,0.00083779,0.00065834,0.024259,0.0060629,0.0011692,0.00065882,1
0.0014561,0.00090271,0.0019615,0.0010466,0.0023994,0.0040223,0.006203,0.0066709,0.0014135,0.0009132,0.0010499,0.00079283,0.024778,0.0040292,0.0012829,0.00086548,1
0.0012673,0.00057832,0.0018424,0.0010342,0.0012777,0.00089585,0.0046133,0.0064256,0.001137,0.00049051,0.00064518,0.00051012,0.031072,0.0043006,0.001053,0.00048227,1
0.0014957,0.00055958,0.0021214,0.00097005,0.0018344,0.00076706,0.004325,0.0056123,0.0010163,0.00072596,0.00059106,0.00063479,0.030533,0.0057405,0.0012439,0.00072278,1
0.00113,0.00080647,0.0021578,0.001172,0.0015676,0.0012528,0.015087,0.018735,0.0025227,0.0020955,0.0012789,0.0014776,0.024333,0.0031954,0.0019672,0.0018778,1
0.0013087,0.00051317,0.0018767,0.00069825,0.0017736,0.0011589,0.0040574,0.0052697,0.0012234,0.00062453,0.00064675,0.00048517,0.02449,0.003681,0.0012811,0.00055353,1
0.0011699,0.00057258,0.0017375,0.00080583,0.0021379,0.0010833,0.0048246,0.0060058,0.001249,0.00061325,0.00057844,0.00045203,0.026692,0.0040821,0.0013024,0.00049956,1
0.0012287,0.00061184,0.0018996,0.0010339,0.0024429,0.0013793,0.0049477,0.0057535,0.0013206,0.00066839,0.00066765,0.00065439,0.026544,0.0041681,0.0012671,0.00058586,1
0.0014223,0.00063653,0.0022098,0.0010004,0.0019436,0.0012535,0.0048009,0.0070821,0.0011237,0.00060889,0.00066534,0.00059188,0.029303,0.0041237,0.0010969,0.0005761,1
0.0012336,0.00052924,0.0023875,0.0008933,0.0019797,0.0013205,0.0050225,0.0064589,0.001137,0.00057083,0.00057838,0.00049324,0.031241,0.0045127,0.0012649,0.00061334,1
0.0012462,0.00065315,0.0017969,0.0010138,0.0016647,0.00083874,0.0048466,0.0060154,0.0011918,0.00061695,0.00060616,0.00052198,0.027207,0.0040191,0.0012934,0.00059581,1
0.0014193,0.00054905,0.0017744,0.0010133,0.0017083,0.00059478,0.0044503,0.0064623,0.0012424,0.00056993,0.00057995,0.0004641,0.024719,0.0039354,0.0011817,0.00054786,1
0.0014852,0.0004875,0.0020119,0.00094042,0.0016456,0.00078994,0.0056667,0.0053964,0.0012694,0.00058241,0.00061337,0.0003808,0.028222,0.0039822,0.0012335,0.0004787,1
0.001433,0.00054289,0.0024412,0.0010633,0.0018153,0.0006568,0.0044602,0.005581,0.0013864,0.00050598,0.0006655,0.00055179,0.024093,0.0042063,0.0011461,0.00060493,1
0.001197,0.00054053,0.002653,0.000904,0.0013819,0.00097294,0.00497,0.0054942,0.0011578,0.00060418,0.0006036,0.00045064,0.026169,0.0039417,0.0010192,0.00060529,1
0.0013885,0.00048563,0.0020932,0.001045,0.0014112,0.00066851,0.0047656,0.0049074,0.0011026,0.00052853,0.0006079,0.0004541,0.026531,0.0037824,0.0014095,0.00054182,1
0.0014291,0.00046834,0.0021355,0.00087436,0.0015182,0.00063565,0.0040111,0.0055632,0.0011028,0.00055346,0.00058615,0.00040562,0.026793,0.0034861,0.0009934,0.00052605,1
0.0012805,0.00057694,0.00187,0.00094552,0.0014981,0.00076654,0.0042392,0.0062768,0.0010985,0.00055555,0.00051491,0.00046779,0.024199,0.0037326,0.0010009,0.00052244,1
0.001185,0.00053768,0.0022956,0.0009821,0.0014626,0.00069455,0.0037966,0.0066114,0.0011347,0.00058773,0.0005171,0.00044571,0.027503,0.0042847,0.00091845,0.00048667,1
0.0010811,0.00040449,0.0022178,0.00080298,0.0016961,0.00071102,0.004627,0.0052498,0.0011452,0.00061304,0.00054741,0.00044797,0.026272,0.0039726,0.0011282,0.00060848,1
0.0011801,0.00049248,0.0019509,0.0010121,0.0019976,0.0012068,0.0041428,0.0067153,0.0011427,0.00057031,0.00057344,0.0005326,0.024951,0.0038318,0.0011682,0.00058229,1
0.00092283,0.00050473,0.0018366,0.00090488,0.0017816,0.00074247,0.0050694,0.0060842,0.001108,0.00050976,0.00060532,0.00041778,0.017731,0.0033252,0.001054,0.00049558,1
0.00088847,0.00042377,0.0021893,0.00089373,0.0015569,0.00074517,0.0046395,0.0061302,0.0010452,0.00056627,0.00050569,0.00041741,0.014632,0.0030131,0.00097161,0.0004317,1
0.0011567,0.00040496,0.0022971,0.00096231,0.0013851,0.00058859,0.0045535,0.0065403,0.0011589,0.0005567,0.00050046,0.00038274,0.015364,0.0032688,0.0010056,0.00048896,1
0.0010774,0.00050161,0.0020258,0.0009724,0.0023515,0.0010323,0.0051934,0.0061664,0.0012187,0.00059492,0.00062237,0.00046989,0.016928,0.0035484,0.0011965,0.00050583,1
0.0010858,0.00083002,0.0014921,0.0008057,0.0025082,0.0037985,0.0040143,0.005525,0.0014705,0.00070013,0.0008356,0.00061894,0.015047,0.0033158,0.0014892,0.0005593,1
0.0008549,0.00051511,0.0012731,0.00069626,0.0018859,0.001375,0.0034518,0.0045191,0.0011797,0.00060084,0.00066805,0.00045153,0.014234,0.0030565,0.0011989,0.00052458,1
0.00088188,0.00041331,0.0015042,0.00076377,0.0013398,0.00082083,0.0038455,0.0052175,0.0010126,0.00054406,0.0004429,0.00031534,0.015568,0.0033733,0.00096736,0.00043957,1
0.00081524,0.00048579,0.0018404,0.00083279,0.0027879,0.00094335,0.0044811,0.0042317,0.001118,0.00060211,0.00040058,0.00039498,0.014368,0.0033657,0.0008989,0.00052498,1
0.00085273,0.00038678,0.0016758,0.00067971,0.0013615,0.00058456,0.0034862,0.005679,0.0012565,0.00074286,0.0005055,0.0003765,0.011867,0.003163,0.0011802,0.00067274,1
0.00071226,0.00036078,0.0015051,0.00090322,0.0011654,0.00054436,0.0034611,0.0056088,0.0010995,0.00040101,0.00037756,0.00030974,0.010527,0.002098,0.0010535,0.00037926,1
0.011397,0.002728,0.013116,0.0038733,0.033615,0.015436,0.046929,0.0082683,0.007819,0.025264,0.0029277,0.0027039,0.041063,0.039353,0.0083942,0.010088,0
0.011725,0.0027068,0.011044,0.0043832,0.04211,0.014182,0.027583,0.010784,0.0070382,0.023187,0.0028635,0.0024099,0.039,0.037774,0.008017,0.0089152,0
0.012611,0.0027433,0.011781,0.0033648,0.034657,0.013567,0.027849,0.01134,0.0067144,0.021223,0.0034388,0.0024002,0.037748,0.033203,0.0077084,0.0092396,0
0.010878,0.0025827,0.009473,0.003263,0.0322,0.014203,0.03584,0.0086558,0.0065251,0.022087,0.0023995,0.0026083,0.034038,0.022699,0.007391,0.007083,0
0.0098197,0.0027042,0.01035,0.0057148,0.034168,0.012401,0.037411,0.019033,0.0052098,0.020149,0.0026438,0.0027927,0.029156,0.021984,0.0069823,0.0075512,0
0.0096014,0.002587,0.010399,0.0051252,0.04025,0.013019,0.032355,0.025854,0.0063558,0.020987,0.0023705,0.0026771,0.029424,0.0225,0.0067007,0.0079445,0
0.010446,0.0026375,0.010964,0.0064355,0.034871,0.012281,0.039833,0.02457,0.0057959,0.020072,0.0023556,0.0025899,0.031818,0.020881,0.006378,0.0077656,0
0.0087773,0.0019918,0.007153,0.0034221,0.028971,0.012557,0.005133,0.016282,0.011196,0.018556,0.0024958,0.0020089,0.024644,0.024716,0.0065774,0.0067455,0
0.0077368,0.002591,0.0062147,0.0033627,0.027677,0.013789,0.0055351,0.014243,0.01089,0.019129,0.0024298,0.0021281,0.031849,0.024854,0.0065579,0.007256,0
0.0092754,0.0026498,0.0073581,0.0031679,0.032134,0.013946,0.0069662,0.016579,0.011457,0.019743,0.0027137,0.0023469,0.027608,0.022524,0.0069568,0.0072306,0
0.00965,0.0028174,0.006459,0.003633,0.028396,0.012828,0.0056932,0.018818,0.011017,0.017615,0.0024332,0.0023689,0.032475,0.026858,0.007383,0.0069722,0
0.0090359,0.0027279,0.0058588,0.0034629,0.028224,0.013636,0.0054764,0.021886,0.010287,0.018997,0.0029904,0.0023953,0.030933,0.025632,0.0072584,0.0069653,0
0.0093481,0.0027349,0.0061739,0.0033422,0.02769,0.014254,0.0058064,0.01848,0.010293,0.016188,0.0029915,0.0024112,0.031759,0.024937,0.0070525,0.0076739,0
0.010273,0.0025005,0.0064347,0.0035637,0.031824,0.012351,0.0055879,0.016967,0.011382,0.018621,0.0028132,0.0022104,0.030426,0.027162,0.0092785,0.0080127,0
0.0089981,0.0028059,0.0058305,0.0034392,0.02822,0.013982,0.0051005,0.01836,0.012978,0.017278,0.0032512,0.0021044,0.026679,0.0259,0.0093402,0.0095569,0
0.0090906,0.0024818,0.0069743,0.0034913,0.02724,0.015972,0.0058683,0.018573,0.010726,0.020405,0.0028441,0.0023058,0.029508,0.02582,0.0078206,0.0088507,0
0.01009,0.0025055,0.0062251,0.0038112,0.025238,0.014146,0.0051625,0.017229,0.012395,0.018945,0.0024444,0.0022575,0.031866,0.027026,0.0085269,0.009842,0
0.010387,0.0027338,0.0063896,0.005263,0.026588,0.024503,0.0063586,0.010774,0.023618,0.016864,0.0030344,0.0021785,0.034897,0.029918,0.0097199,0.0068844,0
0.0090127,0.002439,0.0062154,0.0046912,0.023721,0.020447,0.0058412,0.018514,0.017394,0.015774,0.0024451,0.0021662,0.032673,0.025613,0.0098994,0.0073412,0
0.0097031,0.0031321,0.0065211,0.0048471,0.026195,0.019421,0.0057408,0.018753,0.021468,0.014933,0.0027971,0.0023826,0.032747,0.030596,0.010635,0.0081909,0
0.0091086,0.002617,0.0065165,0.0047258,0.024733,0.016919,0.0049776,0.017271,0.019742,0.014582,0.0028067,0.0020958,0.029954,0.023664,0.010864,0.0083056,0
0.010322,0.002739,0.0069224,0.0044453,0.024221,0.018523,0.0059943,0.019747,0.02138,0.015917,0.0024477,0.0021722,0.034725,0.027237,0.011328,0.0078038,0
0.0078473,0.0026875,0.0064406,0.0044323,0.025269,0.015651,0.0060767,0.01843,0.01911,0.015822,0.0024296,0.0023175,0.030215,0.025419,0.0094055,0.0084658,0
0.0089171,0.002647,0.0057503,0.0046392,0.023595,0.017451,0.0055074,0.01846,0.016915,0.018693,0.0028047,0.0020136,0.028549,0.021868,0.0099595,0.0075612,0
0.0084807,0.002717,0.0059732,0.0050923,0.023006,0.017483,0.0062497,0.020266,0.018476,0.014925,0.0025874,0.0021497,0.030461,0.022545,0.009754,0.0079678,0
0.0097762,0.0025811,0.0057839,0.004603,0.02441,0.017481,0.0065313,0.022079,0.018622,0.017203,0.0027591,0.0020579,0.029435,0.026283,0.0085044,0.0074229,0
0.0088025,0.0027171,0.0057091,0.0043443,0.023725,0.015795,0.0061189,0.018768,0.017065,0.015805,0.0024906,0.0023066,0.029536,0.027447,0.0083461,0.009138,0
0.0090829,0.0026696,0.0061489,0.0054634,0.027047,0.017787,0.0057314,0.020885,0.018749,0.016364,0.0034659,0.0020415,0.026862,0.032027,0.011028,0.008984,0
0.009166,0.0027729,0.0070741,0.0051255,0.02277,0.018518,0.0061274,0.022466,0.02174,0.018766,0.0026544,0.0021356,0.029052,0.031859,0.010183,0.0099393,0
0.010139,0.0029666,0.0059726,0.0052928,0.023196,0.01811,0.0056799,0.021513,0.018555,0.020405,0.0027257,0.0020115,0.032171,0.025036,0.011862,0.0093823,0
0.0088771,0.0025193,0.0056685,0.0053659,0.021446,0.018714,0.0053868,0.019524,0.017062,0.017401,0.0027837,0.0024046,0.027955,0.02918,0.010018,0.0096868,0
0.0087404,0.0028132,0.0045755,0.00539,0.019515,0.016132,0.0061063,0.020674,0.01874,0.020127,0.0028529,0.0022166,0.028052,0.029451,0.0088015,0.010261,0
0.0079079,0.0026516,0.0051736,0.0043521,0.019395,0.017542,0.0066336,0.017959,0.019402,0.018481,0.002198,0.0021414,0.029846,0.02665,0.0094809,0.0094291,0
0.0074274,0.0026404,0.0048475,0.0052094,0.01756,0.015439,0.0068081,0.022301,0.019654,0.02124,0.0025117,0.0019046,0.027649,0.028933,0.0091812,0.0085401,0
0.0086587,0.0025244,0.0044496,0.0052301,0.019445,0.016011,0.0066275,0.020576,0.016522,0.018439,0.0021003,0.0023078,0.029707,0.031415,0.0083275,0.010175,0
0.007758,0.0024246,0.0049565,0.005247,0.021082,0.019849,0.0066727,0.020233,0.015926,0.020744,0.0023438,0.0022266,0.027733,0.026165,0.0096298,0.0099758,0
0.0073005,0.0025073,0.0055173,0.0052497,0.019348,0.016985,0.0061916,0.020861,0.01563,0.017189,0.0022074,0.0020431,0.026538,0.027919,0.0087633,0.0086995,0
0.045157,0.035244,0.032647,0.0087045,0.048014,0.031535,0.0054304,0.0047763,0.0071945,0.0056361,0.0042996,0.0050407,0.09884,0.10206,0.0071962,0.0090872,1
0.040225,0.047247,0.034722,0.010408,0.049953,0.031604,0.0063415,0.0075467,0.0068967,0.0055334,0.0042257,0.0072153,0.068239,0.10216,0.0075068,0.010566,1
0.030485,0.041285,0.032876,0.0088381,0.040091,0.032253,0.0062627,0.0041406,0.0076275,0.0050581,0.0038663,0.0055329,0.067666,0.099494,0.0072193,0.010436,1
0.023586,0.026865,0.017007,0.0069151,0.02815,0.027381,0.0065364,0.0063549,0.0076655,0.0055121,0.0039767,0.005043,0.085571,0.073806,0.0075301,0.015811,1
0.029078,0.040279,0.028184,0.0081929,0.045042,0.027733,0.0063567,0.0054943,0.007937,0.0059293,0.0039716,0.0057451,0.077905,0.09667,0.0087189,0.011551,1
0.029573,0.040408,0.031787,0.0082419,0.051347,0.035363,0.0066676,0.0051854,0.0083468,0.0067754,0.0048752,0.0061965,0.099667,0.14089,0.010253,0.016959,1
0.028484,0.040555,0.03703,0.008139,0.049029,0.027868,0.0063109,0.0050119,0.0092112,0.0087233,0.0050131,0.0057476,0.097029,0.094914,0.0094382,0.021321,1
0.030013,0.034098,0.031414,0.0083519,0.054512,0.029884,0.0053022,0.0039364,0.0079806,0.0055304,0.0038315,0.0052569,0.082858,0.10438,0.008502,0.017142,1
0.0315,0.041387,0.028694,0.00841,0.050605,0.029695,0.0066483,0.0045203,0.0089494,0.0063433,0.004145,0.0053216,0.073352,0.11139,0.0083886,0.016037,1
0.027103,0.037196,0.013119,0.0083717,0.038449,0.033237,0.0063684,0.006176,0.0093096,0.0063702,0.0046657,0.0072061,0.075977,0.10003,0.0083311,0.01634,1
0.025418,0.038931,0.011508,0.0085151,0.035606,0.028788,0.0051507,0.0042897,0.0068929,0.0066675,0.0034578,0.0058685,0.10235,0.1238,0.0065628,0.015487,1
0.018216,0.039499,0.013961,0.008312,0.042299,0.034968,0.011729,0.0086888,0.0099198,0.0098549,0.0043332,0.0067041,0.090376,0.15532,0.0082759,0.013872,1
0.02032,0.045556,0.01188,0.0096731,0.0388,0.038882,0.0055183,0.004362,0.0084398,0.0052597,0.0036986,0.0053751,0.10101,0.12158,0.007495,0.016236,1
0.02059,0.045184,0.012021,0.0096837,0.034902,0.032126,0.005652,0.0046473,0.0074636,0.0059652,0.0036684,0.0060164,0.085398,0.11873,0.0070294,0.01643,1
0.0076484,0.077654,0.016407,0.023996,0.024565,0.076835,0.0058174,0.011322,0.0056108,0.0062543,0.0038551,0.0051708,0.080666,0.080023,0.0064031,0.016003,1
0.0083465,0.089145,0.016925,0.025287,0.027443,0.059691,0.0038852,0.012535,0.0050087,0.0054359,0.0033127,0.0044753,0.06885,0.074917,0.00613,0.015588,1
0.00043867,0.00043867,0.00043867,0.00043867,0.00043867,0.00043867,0.00043867,0.00043867,0.00043867,0.00043867,0.00043867,0.00043867,0.064499,0.00043867,0.00043867,0.010811,1
0.0014559,0.0089522,0.003479,0.0044649,0.016512,0.013828,0.0071297,0.0037495,0.03223,0.018454,0.0027455,0.0050892,0.024334,0.024108,0.011233,0.0081241,0
0.0013846,0.0081035,0.0033485,0.0039794,0.012508,0.012252,0.0064295,0.0036133,0.034061,0.024286,0.0027887,0.006438,0.02329,0.015555,0.011113,0.011398,0
0.0069594,0.0052513,0.016178,0.0035345,0.06334,0.012573,0.0099752,0.0044678,0.027144,0.034551,0.0030711,0.0077026,0.036078,0.022292,0.012386,0.013781,0
0.007598,0.0050722,0.014395,0.0033025,0.06133,0.011872,0.010226,0.0053362,0.024754,0.028318,0.0031131,0.006654,0.034098,0.022678,0.011754,0.011814,0
0.0046039,0.0047177,0.013243,0.0036543,0.05442,0.011328,0.010264,0.0045887,0.027405,0.028623,0.0030299,0.0065118,0.029852,0.019843,0.011168,0.010483,0
0.0051333,0.0053789,0.012174,0.0040485,0.053458,0.011752,0.0094747,0.0042916,0.026075,0.029019,0.0027732,0.0063937,0.030264,0.020476,0.0093904,0.01177,0
0.0058782,0.0058211,0.012008,0.0030533,0.056485,0.011845,0.0099636,0.00412,0.026366,0.026417,0.0029242,0.0063285,0.03089,0.021376,0.010372,0.012738,0
0.0063338,0.0042603,0.012638,0.0033634,0.051415,0.0085339,0.0096987,0.003935,0.023623,0.028563,0.0024372,0.0069628,0.031299,0.016377,0.010121,0.011255,0
0.0018707,0.0035773,0.0072544,0.0030288,0.035702,0.0091156,0.0093895,0.0044737,0.022954,0.026934,0.0021509,0.0059313,0.02714,0.012298,0.0079258,0.0090603,0
0.0033105,0.0041263,0.011863,0.0030914,0.046308,0.008911,0.0093725,0.0043572,0.026064,0.029772,0.0024881,0.0071373,0.027219,0.011771,0.0084922,0.01025,0
0.0018042,0.005096,0.0071101,0.0029928,0.022336,0.010065,0.011452,0.0039107,0.022837,0.025236,0.0022344,0.0055083,0.030097,0.014146,0.0086424,0.010076,0
0.0019139,0.0062382,0.0078534,0.0042576,0.021139,0.014132,0.012425,0.0046334,0.029871,0.027318,0.0027241,0.0056084,0.029835,0.017393,0.0081614,0.011915,0
0.0019563,0.0051589,0.0077756,0.0042058,0.020739,0.012086,0.01127,0.0041208,0.025598,0.024523,0.0023937,0.0056936,0.027719,0.017887,0.008154,0.011319,0
0.0018714,0.006341,0.0073362,0.0036851,0.017055,0.013383,0.011426,0.004043,0.024058,0.024989,0.0022221,0.0059117,0.033417,0.020992,0.0088016,0.011281,0
0.0018306,0.0061744,0.0081288,0.0041711,0.020691,0.013253,0.01356,0.0039493,0.023094,0.0256,0.0024444,0.0056276,0.029748,0.022375,0.0074205,0.011879,0
0.0021271,0.0048293,0.0064049,0.0039299,0.017481,0.013931,0.010917,0.0038461,0.019831,0.022484,0.0021124,0.0049896,0.032317,0.018118,0.0070377,0.011025,0
0.0017793,0.0063636,0.0058284,0.0040606,0.015928,0.012991,0.0098803,0.0035202,0.024388,0.029577,0.0019455,0.007069,0.030742,0.023773,0.0073686,0.012354,0
