3.6069,3.6851,4.0053,3.7634,4.9609,3.8835,3.757,4.4054,4.3356,4.3637,3.3085,3.3306,4.2822,3.939,3.9934,3.9878,1
3.9626,3.7752,4.091,3.9823,4.9373,4.3012,4.4333,4.3287,3.7692,4.4248,3.5299,3.9206,4.4571,4.6219,3.7339,4.3556,1
3.0628,3.3613,3.93,3.6251,4.7108,3.8409,3.6001,4.4106,3.6881,4.0353,3.13,3.3524,4.2663,3.7216,3.5722,3.9584,1
3.4692,3.7413,3.6409,3.7391,4.7144,3.6685,3.9318,4.1487,3.9283,3.905,3.2782,3.1476,4.168,3.76,3.8711,3.8787,1
3.4184,3.6418,3.8712,3.6635,4.3683,4.0372,3.7994,4.2304,3.9985,4.024,3.4112,3.5368,4.1485,4.198,3.8208,4.0583,1
3.6663,4.1961,4.1156,3.8177,4.7392,4.0127,4.0685,4.4323,3.8079,3.9986,3.9204,3.725,4.6319,4.9365,4.0302,4.0401,1
3.7605,4.2124,3.9799,3.7109,4.6608,3.5369,4.0127,4.0125,3.7757,4.4299,3.1813,3.4521,4.0413,4.212,3.5335,4.0201,1
3.47,3.636,3.5677,3.899,4.3412,3.7752,4.0556,4.3366,4.314,4.2502,3.4041,3.6458,3.8047,3.8967,3.8518,4.3562,1
3.6131,3.6843,3.7804,3.8484,4.6288,4.1097,3.0795,4.0381,3.8203,4.017,3.0643,3.3288,4.3035,4.086,3.829,3.8987,1
3.6024,3.4968,3.8845,3.8087,4.8145,3.5923,4.3763,4.4666,4.1701,4.2574,3.368,3.3542,3.9779,3.8843,3.8984,4.0214,1
3.7571,3.9366,3.7359,4.0073,4.6883,3.4362,4.6726,3.9795,4.0459,4.0185,3.5605,3.5502,4.2179,4.5597,3.878,3.8466,1
3.3285,3.5193,3.1211,3.5418,3.5809,3.3388,3.1326,3.8981,4.2454,4.0409,3.3117,3.126,3.4021,3.986,3.7401,3.4482,1
3.5314,3.6757,3.2218,3.9228,3.6345,3.6241,3.8686,3.9592,3.817,4.0508,3.3397,3.3094,3.555,3.7149,3.6426,3.8892,1
3.5764,3.459,3.3838,3.2786,4.2968,3.0606,3.9514,3.6543,3.8255,3.8264,2.9885,3.1826,3.6499,3.8315,3.6081,3.9038,1
3.4143,3.5214,3.531,3.2175,4.0767,3.1641,3.331,3.6502,3.9444,4.0373,3.1895,3.2286,3.8211,3.4688,3.8883,3.8123,1
4.0742,4.2165,4.7447,3.8747,5.0249,3.8137,4.05,4.7789,4.264,4.4559,3.6323,4.0702,4.5776,4.5458,4.325,4.4505,1
4.1554,4.2887,4.6014,4.0558,5.1226,3.8557,3.9136,4.301,4.0214,4.1902,3.6983,3.7398,4.7755,4.3541,4.1829,4.1875,1
3.7459,4.2731,4.5377,3.9748,5.0905,4.1413,4.1806,4.5153,4.3315,4.4695,3.4593,4.2989,4.9373,4.8864,4.2029,4.134,1
3.8438,4.0134,4.1036,3.8233,5.0374,3.5908,4.6923,4.1862,4.2327,4.4587,3.4088,3.723,4.4567,4.5256,3.9876,4.0751,1
3.4695,3.3191,3.7659,3.6732,4.3888,3.782,4.1791,4.1225,3.9666,4.2145,3.5164,3.2261,3.9626,4.0388,3.718,3.9876,1
4.0381,3.7565,3.8182,3.8459,4.6435,3.7525,4.154,4.2213,4.2307,4.5211,3.5374,3.7688,4.5253,4.4289,3.6927,4.1567,1
3.5688,3.9067,3.5759,3.7463,4.3997,3.5973,3.5617,4.253,4.0415,4.2675,3.5414,3.5157,4.2302,4.0329,3.8428,3.601,1
3.5013,3.6927,3.8131,3.8951,4.1732,3.8782,3.523,4.2255,3.7349,3.8777,3.1516,3.2852,4.0367,3.8423,3.854,3.869,1
3.7154,3.5662,3.9911,3.921,4.5291,4.2166,4.4896,4.0207,4.1889,4.2578,3.5457,3.4346,4.3609,3.407,4.0859,4.1924,1
3.536,4.0381,3.9566,4.2792,4.2883,4.0194,3.927,4.0297,4.3025,4.5119,3.4381,3.5853,4.6075,4.3504,4.6007,3.9266,1
3.7127,3.8288,4.1587,4.1119,3.8153,3.8275,3.1312,4.2624,3.8876,3.9667,3.7758,3.5311,4.5946,4.8009,3.9532,2.9236,0
3.886,3.5465,3.8301,4.3259,4.1266,4.0147,3.7777,4.4788,3.945,3.9565,3.3033,3.5093,4.3597,4.2657,4.0327,2.3752,0
3.9321,4.0406,3.8433,4.0819,3.9662,3.9826,3.7129,4.529,3.7572,3.849,3.8717,3.5744,4.3351,4.6827,3.7531,3.107,0
4.1161,3.7951,4.0074,4.4132,4.1894,4.248,3.3908,4.6929,4.0179,3.9347,3.3252,3.8646,4.6608,4.8078,3.9473,2.6862,0
3.7344,3.6245,4.1368,4.1697,3.7735,4.1405,3.8907,4.8769,3.6941,3.9683,3.7079,3.5802,4.2269,4.3294,3.7822,2.0108,0
3.8939,3.6548,3.6952,4.0426,4.1104,3.9397,3.6516,4.4946,3.8094,3.603,3.4884,3.6162,4.479,4.7313,3.7099,2.8541,0
3.8528,3.6471,3.8914,3.881,4.0347,3.7997,3.5896,4.8104,3.8903,3.999,3.6858,3.8056,4.5729,4.7122,3.915,2.6531,0
3.9507,3.8246,3.9517,4.34,3.8277,4.0856,3.4466,4.3045,4.008,3.8946,3.886,3.7569,4.5456,4.6125,4.1287,3.5193,0
4.2394,3.9858,4.1977,4.1955,4.2243,4.2493,3.89,4.8521,4.0407,4.0185,3.9777,3.8887,4.5661,4.8819,4.0792,3.1725,0
4.3837,4.1701,4.2627,4.4935,4.6127,4.7064,4.0415,4.5337,4.0821,4.1547,4.3083,3.8576,5.1568,4.9656,4.5439,3.2061,0
4.3761,3.7246,4.2587,4.0391,4.7335,4.6377,3.5367,4.1308,3.8038,3.9508,3.7596,3.8188,4.9454,4.8241,3.9642,3.213,0
4.494,4.1251,3.9716,4.3225,4.6883,4.6441,3.4209,4.4409,4.1765,3.8555,4.0883,3.8086,4.8956,4.5692,4.3337,3.2563,0
4.276,4.0125,3.7694,4.0058,4.6722,4.4809,3.3761,4.2889,3.8063,3.9223,4.1347,3.769,5.2881,4.6505,4.0447,2.8549,0
4.2201,3.917,3.781,4.1934,4.4624,4.5691,3.6781,4.4168,4.0602,3.9925,3.9251,3.6087,4.611,4.9327,4.0854,2.9534,0
4.0506,4.0503,4.1571,4.4239,4.5914,4.5614,3.5218,4.5889,3.8018,3.8628,3.766,4.0077,4.9364,4.5913,4.1134,3.2062,0
3.9752,3.9167,4.0234,3.9791,4.1309,4.3629,3.1982,4.032,3.8342,3.7851,3.6056,3.5891,4.3668,4.4423,4.0595,3.0439,0
3.8086,3.4681,3.8397,4.161,3.9549,4.1351,3.671,4.6446,3.6662,3.7064,3.5992,3.6485,4.4697,4.3328,3.8294,2.3093,0
3.7829,3.7694,3.9242,4.0439,3.9962,4.1245,3.6976,4.5421,3.9827,3.7819,3.8909,3.9451,4.7174,4.7625,3.8455,3.2677,0
3.8303,3.8931,4.231,4.2873,3.9402,4.0069,3.6041,4.0478,3.9632,3.8553,3.7645,3.6714,4.5466,4.3865,4.0081,3.5962,0
3.8458,3.723,3.9737,4.4424,4.095,4.444,3.6873,4.729,4.1707,4.1657,3.794,4.0549,4.5558,4.4018,4.1328,2.9509,0
4.1648,3.9732,4.5514,4.205,4.0747,4.1363,3.8585,4.7234,3.9705,4.0335,4.1012,3.8102,4.7778,4.4105,3.9294,3.2203,0
3.9111,3.6667,3.9075,3.9975,4.0661,3.9435,3.6229,4.6211,3.7028,3.7436,4.0476,3.6851,4.4572,4.3853,3.9277,3.0692,0
3.8411,3.7021,3.9246,4.1078,3.7219,4.1244,3.4498,4.9349,3.9821,4.0022,3.9298,3.6444,4.3215,4.3749,3.9132,3.1411,0
3.8911,3.878,3.916,4.2817,3.692,4.2336,3.9335,4.8909,3.9125,3.8169,3.6195,3.7932,4.4041,4.462,3.7841,2.7853,0
4.014,3.7176,4.0696,4.0214,3.8947,3.8765,3.6186,4.5135,3.7881,3.9127,3.6464,3.6369,4.5646,4.6439,3.9158,3.5407,0
3.681,4.2067,3.5398,3.3839,3.6076,3.0962,3.2632,2.631,3.6269,3.3315,3.0157,3.0944,3.7981,3.6555,3.7872,3.358,1
3.4465,4.1194,3.53,3.5248,3.5314,3.3326,2.9544,2.3539,3.1826,3.4896,3.1171,3.0045,3.5164,4.2794,3.3561,3.4206,1
3.5413,4.0692,3.3854,3.5419,3.2997,3.7234,3.9647,2.8226,3.7048,3.534,3.4873,3.3204,3.4346,4.2835,3.5536,3.3712,1
3.8016,4.1728,3.5618,3.5806,3.6422,3.7989,3.7596,2.8924,3.5033,3.5244,3.2472,3.3491,4.4166,4.1771,3.5432,3.5574,1
3.7154,3.9968,3.9732,4.1805,4.0906,4.349,1.8391,3.6261,3.6794,3.7739,3.4664,3.556,4.4121,4.2539,4.338,4.0382,1
3.8934,4.0477,3.3121,3.7425,3.8785,4.1774,3.6782,3.4956,3.6044,3.5838,3.281,3.2712,3.6507,3.9521,4.0502,3.5135,1
3.7645,4.1083,3.6325,3.3551,3.9914,4.0393,3.7172,3.381,3.6713,3.56,3.4151,3.2339,3.5707,3.9443,4.0799,3.6114,1
3.5275,4.0829,3.0335,3.6822,3.2836,3.9535,3.6066,1.9299,3.3852,3.5971,3.4013,3.2616,4.0188,3.7415,3.8173,3.4746,1
3.5734,3.8983,3.448,3.7474,3.9718,3.9933,3.6451,3.5943,3.6977,3.4833,3.4466,3.4404,4.1734,4.0526,4.0272,3.9455,1
3.3402,3.413,3.6209,3.4763,3.4929,3.5037,3.7205,3.0203,3.7488,3.5198,3.636,3.6169,3.8998,4.3072,4.0896,3.9461,1
4.4882,4.2956,4.1354,2.3223,3.8088,4.605,3.7803,3.8671,4.5962,4.6693,4.2976,4.1974,4.4697,4.4111,4.4751,4.449,0
4.0562,4.5238,4.8914,3.1196,3.5147,4.1472,4.1163,4.1999,4.3161,4.591,4.0826,4.0254,4.3782,4.1341,4.0793,3.9227,0
4.3395,3.751,4.4359,3.1438,4.3993,3.6604,3.8302,3.7325,4.5274,4.7534,2.8666,4.3844,4.2651,4.0695,4.2753,4.2043,0
4.3292,3.9423,4.8041,3.4356,4.5186,3.6333,4.0685,4.2893,4.5893,4.8263,3.7183,4.2817,4.3489,3.9974,4.0023,3.9047,0
4.6747,3.9408,4.9001,2.5089,4.5551,3.965,4.2966,4.1409,4.5717,4.8432,4.0602,4.2898,4.3351,3.9896,4.2357,4.4864,0
4.5149,3.9113,4.3271,2.1486,4.1041,3.9225,3.8693,4.0214,4.5272,4.5691,3.898,4.0069,4.4392,3.48,4.1539,3.8763,0
4.2403,4.4066,4.7285,3.2353,4.0454,4.1667,4.2818,4.4847,4.9689,4.7205,4.3692,4.2464,4.2476,3.9413,4.2947,4.0368,0
3.8382,4.0684,4.476,3.031,4.0415,4.1525,4.3382,3.5689,4.65,4.6774,4.212,4.0724,4.0206,4.1518,4.1793,4.0702,0
4.3919,4.2314,4.8669,3.8004,4.2544,3.9079,3.8186,4.159,4.6295,4.6086,4.1311,4.0778,3.6554,3.809,4.1735,4.0204,0
4.2029,4.0296,4.7208,3.2895,3.7831,3.8772,3.8648,4.0227,4.4269,4.5906,3.9828,4.0707,3.8636,3.9495,4.0747,4.0607,0
5.2091,5.1038,5.281,4.103,5.1883,4.5762,4.4087,4.2485,4.7213,4.839,5.0954,4.6201,5.1317,4.87,4.447,5.0453,0
4.9,5.0489,4.7386,4.1979,4.8948,4.3935,4.4909,3.8651,4.8153,4.8303,4.6113,4.4501,4.9426,4.9783,4.6522,4.8886,0
4.8998,5.0527,5.1596,4.1961,4.6016,4.5028,4.2132,3.6316,4.6503,4.8545,4.4709,4.3011,4.8279,4.8678,4.5025,4.4877,0
4.7398,5.1277,5.0028,4.1546,5.3053,4.4041,4.0689,3.6849,4.6201,4.7931,4.4571,3.9618,4.6047,4.9899,4.2293,4.4693,0
4.6885,4.7673,4.8985,3.8227,4.714,3.8685,4.3718,4.0762,4.632,4.6314,4.221,4.3267,4.4647,4.162,4.0887,4.3724,0
4.5065,4.7117,4.98,3.8034,4.7712,4.3828,4.122,3.8558,4.7165,4.9745,4.2999,4.2351,4.5396,4.0731,4.3584,4.1718,0
4.2166,4.6164,4.5111,3.7737,4.3424,4.0124,3.9552,3.943,4.3626,4.5834,3.8277,3.9665,4.3919,4.1389,4.1247,3.9313,0
4.2052,4.0804,4.4624,3.3063,3.8674,3.8783,3.125,2.9876,4.2393,4.4998,4.0277,3.8384,3.4963,3.9548,3.8567,3.878,0
4.184,4.3818,4.3625,3.4456,4.0614,4.032,3.6165,3.8979,4.1538,4.675,4.0513,4.091,4.5881,4.3456,4.2151,4.0426,0
4.3128,4.31,4.7956,3.4613,4.3464,3.8034,4.0716,3.4382,4.2785,4.9568,4.1806,4.1936,4.1273,4.3485,4.1722,4.2359,0
4.1125,4.0135,4.3814,3.1969,3.682,4.225,4.1711,4.2154,4.523,4.5565,4.3959,3.837,4.0478,3.8186,3.9083,4.1441,0
3.961,4.387,4.695,3.5971,4.0644,4.1304,3.9391,3.8113,4.9239,4.4838,4.4019,4.0584,3.8027,4.0133,4.2919,3.677,0
3.9561,4.3662,4.5744,3.2045,4.0559,4.2418,3.9146,3.7221,4.5642,4.4664,3.8518,3.7616,4.2513,4.0359,3.9823,3.8468,0
4.0739,4.1913,4.4864,3.2199,3.8456,4.0105,4.2469,3.3698,4.4226,4.8351,4.0881,4.0821,3.5336,4.0881,3.7863,4.3613,0
4.2414,4.346,4.73,3.2866,4.6394,4.2234,4.3432,4.2857,4.8936,4.9149,4.4546,4.2112,4.8428,4.2391,4.6566,4.4646,0
4.0744,4.3114,4.895,3.5594,3.6609,3.9016,4.2679,3.9286,4.7324,4.596,4.245,4.0638,3.5364,3.8097,3.9017,4.0144,0
4.0487,4.336,3.3219,3.7377,3.9187,2.9878,3.8996,3.4162,4.5174,5.038,4.1427,4.0634,4.1986,4.3532,4.0417,4.1192,0
3.9168,4.2909,4.7991,3.2667,3.7978,3.6436,3.8657,3.2994,4.2315,4.4864,3.9661,3.9626,3.5386,3.7806,3.8003,3.7987,0
4.1154,4.0439,4.9442,3.5281,3.4986,3.514,3.4466,3.3856,4.3038,4.5211,3.9437,3.8727,3.4648,4.1373,3.7617,4.1079,0
3.9679,4.3472,4.9312,3.1728,4.2445,3.9802,3.9433,4.0165,4.5824,4.6346,4.0779,3.9067,4.1921,4.2521,4.2539,4.1344,0
3.7761,3.9243,4.8852,3.0005,4.0286,3.9773,4.0234,4.254,4.808,4.805,4.164,4.1182,4.0355,3.7477,3.9786,4.3155,0
3.9929,4.1187,4.7075,3.3602,3.6579,4.3934,4.0816,4.15,4.8847,4.4624,4.3243,3.9779,3.8634,4.1398,4.16,4.2792,0
4.1177,3.9639,4.7753,3.7001,3.6924,3.3404,3.7981,3.4383,4.1769,4.3365,4.0101,3.8625,3.9381,3.7106,3.7299,4.0448,0
3.7737,3.8778,3.4076,4.4168,3.098,4.2332,1.9601,3.7542,4.3331,4.6694,3.7202,3.9481,4.1645,4.931,4.5552,4.6386,1
4.3809,4.0837,4.4295,4.1243,4.3341,3.9298,3.0785,4.4013,4.4315,4.4047,4.0263,4.3292,4.584,4.8976,4.5089,4.4237,1
4.2515,4.0939,4.5417,4.449,4.6384,4.5372,4.3412,4.1468,4.3873,4.2983,4.3021,4.0881,4.9202,4.9743,4.7425,4.7353,1
4.2989,4.1327,4.3248,4.1162,3.9966,4.2807,3.3005,3.1885,4.3819,4.0227,4.2749,4.0729,4.5992,4.7283,4.8549,4.4337,1
4.349,4.4534,4.3357,4.5884,4.3471,4.1915,3.3025,3.6631,4.4409,4.6404,3.9908,4.1199,4.7872,4.9068,4.5541,4.6726,1
4.2175,4.0866,4.2439,4.4385,4.2952,4.383,3.2913,3.5776,3.8594,4.086,3.9436,4.1114,4.7906,4.9305,4.4738,4.4589,1
4.2668,4.4824,3.9268,4.4798,4.3973,4.9109,3.1159,3.8418,4.1823,4.2018,4.1456,4.0756,4.7813,4.9054,4.755,4.471,1
4.3744,4.3551,4.5106,4.4205,4.6621,4.7794,3.2988,3.624,4.2795,4.2881,4.1158,4.0751,4.767,5.0244,4.4974,4.6954,1
4.3905,5.1786,4.2396,4.6001,4.5806,5.1238,2.9596,4.0049,4.2271,4.3543,4.5093,4.1426,4.766,4.8008,4.6149,4.7596,1
4.6313,4.5538,4.2725,4.5575,4.631,4.861,2.5954,4.2021,4.4216,4.0159,4.453,4.4382,4.6772,5.2018,4.4573,4.6606,1
4.7273,4.5288,4.5081,4.7175,4.258,4.8869,3.2209,3.7815,4.3027,4.3645,4.7331,4.0566,4.3594,5.0837,4.1879,4.5444,1
4.5254,4.7615,4.3658,4.4111,4.748,4.8463,3.3585,4.1152,4.1514,4.1205,4.6225,4.3391,4.5268,5.1123,4.5839,4.39,1
4.3958,5.2342,4.0756,4.7023,4.881,4.667,3.8068,3.9447,3.9204,4.285,4.4882,4.4795,4.5387,5.0706,4.8113,4.5714,1
4.1872,4.2648,3.4112,3.6192,4.0425,3.7355,2.179,2.4936,4.2334,4.1879,4.3427,4.0636,4.365,4.4264,4.5667,4.3496,1
4.3734,4.2228,4.3562,4.3159,4.6752,5.0068,2.4412,3.9833,4.5542,4.2674,4.0578,4.0298,4.2107,4.8304,4.4812,4.4357,1
4.0358,4.0832,4.3283,4.167,4.5368,4.5057,2.3149,3.4723,4.2694,3.8083,3.9476,3.815,4.2169,4.7363,4.0953,4.4573,1
4.5142,3.8605,4.1059,4.1123,4.8307,4.7632,2.2693,3.8311,4.007,3.8083,4.2198,4.0916,4.3583,5.1289,4.2502,4.1447,1
3.7727,4.0217,3.9598,4.3427,4.6816,4.6786,1.6776,4.2016,4.032,3.7314,4.1665,3.6207,4.4929,4.1097,4.0821,3.8145,1
4.2807,3.9186,4.4493,4.3811,4.8511,4.4886,2.4661,4.0049,4.682,4.0169,4.1049,3.7601,4.4009,4.6679,4.6387,4.1801,1
4.4014,4.4561,4.162,4.6635,4.6778,4.6917,3.4471,3.9208,4.4255,4.1278,4.113,3.7342,4.7296,4.8496,4.5676,4.1619,1
3.8431,3.8801,3.9766,3.8488,4.3431,4.8992,1.7702,3.531,4.0582,3.8918,3.8386,3.7724,4.4583,4.6849,4.0883,4.2141,1
4.0182,4.0602,4.1609,4.0056,4.6216,4.4931,2.1968,3.5216,4.2792,4.0093,3.9833,3.7875,4.7704,4.9444,4.1618,4.177,1
4.5424,3.4624,3.2389,3.5989,4.794,4.1522,2.6245,2.7703,4.4962,4.5676,3.9734,3.2732,3.989,4.9697,3.6214,2.6222,1
4.016,2.9954,3.664,4.3913,3.9831,4.5041,3.7189,3.3546,4.6572,4.7516,4.2241,4.3435,4.4493,4.7598,4.6402,4.3888,1
3.5533,4.329,3.4696,4.77,4.8818,4.6288,4.0517,4.6509,4.8724,4.6713,4.3096,4.3045,4.1883,4.9787,4.9131,3.778,1
4.6201,5.0147,3.725,4.751,4.56,4.1275,4.831,3.9003,5.0816,4.5621,4.1219,4.5327,4.8612,5.6659,4.4471,4.5824,1
3.8055,4.6942,3.0536,4.3018,3.9173,3.6515,4.1327,4.5308,4.5972,4.6922,4.0619,4.2186,4.5888,4.8932,4.1835,4.0045,1
4.6947,3.3174,2.4189,4.2315,4.5492,3.6032,3.8559,4.8022,4.5374,4.9031,4.5413,4.2773,4.8083,5.1234,4.6552,4.3607,1
4.4911,3.3924,3.1885,4.4729,4.5546,3.5179,3.9054,2.8148,4.6581,4.2657,4.7023,4.2419,4.518,4.9203,4.5531,3.9948,1
4.5373,2.9501,4.0827,4.6399,4.5152,3.3324,4.2294,2.8522,4.6481,5.0776,4.5694,4.6114,4.9632,4.9142,5.1643,4.3236,1
4.2723,3.2956,3.4389,4.6968,4.5973,4.0468,2.9637,4.4118,4.7989,4.7108,4.6791,2.9678,4.4576,4.9854,4.467,4.1664,1
4.4875,4.4028,3.2824,4.113,4.9218,4.7176,4.3953,4.4927,4.5622,4.6311,4.0272,4.2356,4.9224,4.9306,4.4639,3.3121,1
4.1298,3.2702,3.9805,4.4096,3.9741,4.0583,3.554,4.4434,4.7591,4.5183,4.3992,3.9626,4.9294,5.1077,4.4578,2.9197,1
4.7127,4.2565,3.4653,4.7436,4.8595,3.9408,4.0582,4.2651,4.4534,4.7503,4.5571,4.2569,4.7512,4.7161,4.6125,4.1672,1
3.9337,3.8592,3.2775,4.7001,4.69,4.5268,4.0885,4.5484,4.3755,4.7693,4.8143,4.5032,4.7962,4.9358,4.4286,3.1292,1
3.3548,3.8896,3.8056,3.8502,4.6254,3.7532,1.2366,3.5814,4.1691,4.4394,3.3379,3.2512,4.3425,4.7578,4.2339,4.3863,1
4.6922,4.6428,4.2445,4.9417,4.0837,3.777,2.6591,3.6959,4.5688,4.7986,4.5427,4.1706,4.0067,5.0766,4.6012,4.2885,1
4.776,5.0763,4.2643,4.4867,4.3031,4.1728,3.1736,4.7271,4.4689,4.7782,4.6115,4.7342,4.6783,4.9449,4.7009,4.5994,1
3.9806,4.6372,3.6131,4.8198,4.3575,4.6884,4.0305,4.4945,4.7163,4.869,4.6603,4.6514,5.1026,5.0485,4.6663,3.4274,1
4.0815,4.2358,3.4802,4.918,4.5806,4.1401,4.2172,4.4809,4.7563,5.0792,4.6325,4.5694,4.8812,5.0817,4.6685,3.3574,1
4.4958,4.0321,4.5933,4.7163,4.3809,4.7544,4.5804,4.5642,4.4481,4.7571,4.5195,4.4014,4.5535,4.9876,4.649,3.5743,1
4.6112,4.3117,3.7875,4.3417,4.5249,4.7065,4.3263,4.495,4.4993,4.7606,4.8328,4.5002,4.7715,5.0567,4.6494,3.6217,1
4.4999,4.2395,3.7708,4.7913,4.6742,4.6751,4.3504,4.2817,4.7588,4.452,4.2974,4.172,4.8513,5.1847,4.124,3.2057,1
4.2379,3.7944,4.4515,4.0548,4.5645,4.4209,3.0591,3.5743,3.3445,4.0487,3.6917,4.2947,4.9233,4.6394,3.6997,4.1227,1
3.9777,3.0237,4.1116,3.6293,3.6759,4.1258,2.9344,2.3737,3.8287,3.0717,3.8422,4.01,3.6359,4.6365,3.4854,4.2128,1
3.6828,3.9878,4.0253,3.1785,4.3721,4.1786,1.953,3.4126,4.4061,4.0479,3.7845,4.1209,4.6665,4.4982,3.6441,4.2323,1
4.5368,4.1086,4.7136,3.9723,4.4237,4.583,2.1396,3.3612,3.8696,3.7798,4.1013,3.9881,4.375,4.7889,3.7475,4.2009,1
4.0616,4.3461,4.1193,3.6494,4.299,3.9694,2.7514,3.108,3.7105,3.4426,3.8248,3.97,4.5984,4.5223,3.5885,4.1953,1
4.2112,3.7526,4.1375,3.5757,4.033,3.6886,2.9653,2.3144,3.5344,3.8473,3.5144,3.5239,4.7414,4.7093,3.065,3.8479,1
3.8585,3.792,4.1282,3.9857,4.0755,4.0622,3.5194,3.1924,3.3987,4.0488,3.8355,3.5805,4.7474,3.5826,3.863,4.1153,1
4.1796,4.3296,4.224,4.4617,3.6954,4.2121,3.2755,2.9453,4.5567,4.5171,4.1787,4.2432,4.6299,3.9585,3.3324,4.623,1
3.4949,3.5089,3.6282,3.3252,4.2194,3.8615,2.5048,2.9214,3.5904,4.3482,3.1471,3.231,4.8821,2.9699,4.1851,3.3919,1
4.3865,4.213,4.3133,4.2902,4.7986,4.5304,3.7156,3.4791,4.6548,4.2421,3.7414,4.0013,4.9775,3.8032,4.0758,4.4866,1
3.4672,3.034,4.1106,3.6646,3.8105,3.1496,2.4156,2.8339,3.9519,4.3779,2.9817,3.6927,4.522,3.4107,2.9468,4.1566,1
4.0312,4.0762,3.9491,3.5871,4.2118,3.8051,3.3379,2.9675,3.7238,3.8888,3.415,3.5069,4.8468,4.566,3.1952,4.1062,1
4.4058,4.1258,3.101,3.6512,2.4046,3.6618,2.9438,2.6018,4.2941,4.0353,3.8829,4.1997,5.1082,4.0555,4.3623,3.5034,1
4.2747,3.14,3.835,3.9126,4.3501,4.8369,1.7229,3.641,4.3203,4.5645,3.6673,3.5178,4.8915,4.7962,3.508,4.1863,1
4.7318,4.1771,4.4286,3.8928,4.6617,4.8621,2.7346,3.7713,4.0561,4.595,3.6669,3.8203,5.1733,4.6462,4.0034,3.7242,1
4.4777,4.0979,4.6127,3.9954,4.6334,4.9345,3.7021,4.089,4.245,4.6583,4.1719,4.2362,5.2281,4.8535,3.9278,4.4982,1
4.2635,4.1832,3.9924,3.8551,4.7348,4.6613,3.2726,3.4886,4.0755,4.4856,3.7778,4.1,4.9413,4.6674,3.6362,4.2107,1
4.3065,3.9185,4.0853,3.9201,2.4467,4.824,3.429,3.5173,4.1015,4.3716,3.7187,3.8859,4.5696,4.7565,3.7927,4.412,1
4.2679,4.2738,4.0937,4.1569,3.8389,2.9102,3.673,3.3293,4.6708,3.8925,3.9823,4.7147,4.0682,3.9925,3.3765,4.1476,0
4.4027,4.2753,4.3594,4.2446,3.577,3.8853,3.874,3.7895,4.4814,3.8837,4.2439,4.5671,4.0784,4.2711,3.7808,4.2845,0
3.743,4.1258,4.0647,3.7867,3.9427,4.0391,3.0675,2.9219,4.3903,4.1131,4.1919,4.5468,3.8084,4.2001,3.8888,3.9204,0
4.0301,4.346,4.0434,4.1883,3.6953,3.4936,3.5662,3.4074,4.258,4.064,4.1349,4.5453,3.9537,4.0854,4.1172,4.2332,0
4.0754,3.9981,3.949,4.2002,3.9828,3.7717,4.0277,3.8134,4.5099,3.9068,4.3095,4.8426,4.2556,4.1449,4.1743,4.0794,0
3.9393,3.9758,4.0101,4.3886,3.6356,3.3482,4.0692,3.9336,4.8084,4.112,4.5082,4.8128,4.0374,4.1458,4.1757,4.2321,0
4.0615,4.0516,4.2921,4.0322,3.4999,3.8526,3.1562,3.5543,4.3937,4.0559,4.2724,4.1046,4.1772,4.1528,4.0188,4.0717,0
4.0871,4.0569,4.3208,4.4182,3.6407,3.8047,3.8909,3.8992,4.5993,4.0909,4.2931,4.3372,4.0094,4.5446,4.2173,4.2106,0
4.2452,4.344,4.2766,4.0062,3.7584,4.0766,3.7769,4.0356,4.6334,4.0443,4.1121,4.4535,4.0322,4.1271,4.1965,4.067,0
4.0956,3.9481,4.3436,4.1436,3.751,4.1662,3.5356,3.2779,4.3472,3.9678,3.934,4.5695,4.0611,4.3857,4.1686,4.2526,0
4.4877,4.376,4.123,4.2096,4.1396,4.0493,3.9802,3.9321,4.2878,4.2283,4.3165,4.4635,3.9955,4.2385,4.1269,4.4232,0
4.0043,4.3427,3.9665,4.1084,3.8353,3.9506,4.0949,3.854,4.3924,3.8903,4.1059,4.4391,4.1629,4.0792,4.1298,4.1147,0
4.2029,4.077,4.0932,4.1735,3.9899,3.9402,3.7351,3.6705,4.7714,4.0296,4.2211,4.5703,4.1766,4.1351,3.941,4.2188,0
3.9154,4.3217,4.1678,4.1168,3.6285,3.7942,3.8723,3.7956,5.1151,4.3628,4.1548,4.4606,4.2563,4.6016,4.6198,4.6669,0
3.865,4.0221,4.1703,4.0965,3.6822,3.9837,3.7594,4.1484,4.6545,3.9645,4.3031,4.3712,4.0148,4.4555,4.0953,4.5551,0
3.8429,4.1264,4.3281,3.8742,3.0693,3.2532,2.9911,2.6879,4.807,3.9462,3.9735,4.2266,3.1604,4.5737,3.9111,4.498,0
4.362,4.4738,4.1475,4.1719,3.8329,3.9613,4.0789,4.1294,4.8653,4.0443,4.3769,4.6304,4.2074,4.623,4.2659,4.4685,0
4.0219,4.1019,4.0967,4.0087,3.3676,3.975,3.9694,4.235,4.7678,3.9663,4.1452,4.4549,3.9747,4.6089,4.2603,4.6475,0
4.2484,4.2848,4.0994,4.1129,3.8068,3.9573,4.1091,4.3166,5.0675,4.4183,4.3855,4.2741,4.0353,4.7823,4.5456,4.4472,0
4.1673,4.3864,4.4079,4.1249,3.6241,3.8358,4.0501,3.7037,4.6911,4.3712,4.2826,4.5084,4.0467,4.5787,4.6363,4.326,0
3.947,4.2422,4.063,4.0884,3.098,3.4234,4.0631,3.8591,4.6932,4.2399,4.3422,4.7771,3.9677,4.1953,4.5795,4.5749,0
4.4378,4.4915,3.8649,3.8687,3.9375,3.9913,4.0298,4.0369,4.8685,4.2894,4.385,4.5458,4.1743,4.6173,4.1361,4.314,0
4.1569,4.1412,4.3357,4.2112,3.8366,4.1925,3.6222,3.7989,4.8853,4.3206,4.3549,4.2988,3.9633,4.6869,4.3631,4.3858,0
4.3705,4.3116,4.1405,4.1204,3.4758,3.951,3.5577,3.7175,4.858,4.3551,4.4337,4.5089,4.3096,4.4841,4.2011,4.6167,0
4.1659,3.9687,4.0732,3.9885,3.2476,3.6502,4.0169,4.2872,4.8525,4.1722,4.3406,4.4393,3.8366,4.6016,4.2605,4.3181,0
4.0833,4.0256,4.1912,4.3599,3.6817,3.7967,4.1314,3.7681,4.4723,4.1782,4.3139,4.4468,3.9817,4.563,4.4042,4.7149,0
4.3296,4.3527,4.2803,4.2031,4.0556,4.1379,3.9023,3.934,4.8812,4.2488,4.3865,4.2015,4.4712,4.609,4.6398,4.7362,0
4.1138,4.3074,4.082,4.2548,3.9927,4.4268,3.8757,3.821,5.014,4.3273,4.1503,4.11,4.2463,4.7866,4.2677,4.6818,0
4.5405,4.1176,4.0958,3.9406,3.5956,4.0144,3.5458,3.8616,4.9367,4.0543,4.2677,4.8014,3.9797,4.4701,4.2538,4.3175,0
3.9199,4.3355,4.2516,4.0126,3.984,4.1214,4.1526,3.7925,4.9565,4.6103,4.3764,4.3217,3.877,4.4987,4.1171,4.7311,0
4.0446,4.2842,4.2618,4.1519,3.8198,3.864,4.0584,3.8313,4.6927,4.1379,3.9249,4.5296,4.1922,4.6964,4.4007,4.2157,0
4.2379,4.2426,4.0309,4.1504,3.7306,4.0372,4.3985,3.9581,4.8317,4.2947,4.4299,4.3584,4.099,4.8379,4.6336,4.584,0
4.0582,4.202,4.2003,4.0702,4.1014,3.9637,4.2487,4.3579,4.9166,4.2739,4.2017,4.5539,4.272,4.6649,4.2644,4.6621,0
4.2647,4.1225,4.2242,4.088,4.0758,4.3066,4.4993,4.3271,4.8027,4.2783,4.4676,4.646,4.2613,4.7362,4.4889,4.7949,0
4.216,4.2341,3.9604,4.0926,3.6577,4.235,3.9248,4.0862,4.8793,4.3583,4.207,4.4085,4.2089,4.5294,4.317,4.5868,0
4.1924,4.0402,4.67,4.1671,3.4379,4.0758,4.1682,3.8938,4.7384,4.2264,4.423,4.2208,4.0049,4.8022,4.3624,4.5562,0
4.3517,4.0265,4.1427,4.0456,3.9409,4.0146,4.2139,4.0711,4.8553,4.2993,4.0095,4.2607,3.9337,4.7886,4.2198,4.5994,0
4.0265,4.213,4.3248,4.1899,3.8191,4.0977,4.4002,4.0249,5.0534,4.3231,4.4479,4.35,4.1108,4.6637,4.4338,4.4795,0
3.182,4.1664,4.6278,4.4392,4.3093,3.9894,4.2289,4.118,4.206,3.9683,3.799,3.8513,4.849,5.0069,4.8938,4.6193,1
1.3549,4.0401,4.2276,3.7249,4.491,3.6649,4.4224,4.0797,3.3593,3.6952,3.9881,3.7387,4.646,4.8014,4.7647,4.7606,1
1.4139,4.2319,4.0079,3.6662,4.246,3.0871,3.3094,2.6648,4.0896,3.7835,3.6658,4.1029,5.0378,4.6862,4.889,5.1258,1
2.0494,3.9775,4.1038,4.2325,4.5557,3.2875,4.0943,4.073,3.8062,3.764,3.0989,3.514,4.8025,4.7122,4.4081,4.6008,1
2.1353,4.1431,4.0939,4.485,4.6298,4.1987,4.2379,4.2916,3.9574,3.7723,3.6002,3.9095,5.1979,4.6856,4.4555,4.8444,1
2.494,4.4886,4.6281,4.2682,4.832,3.6991,4.0281,3.9012,4.0136,4.0147,3.5796,3.8513,4.6814,4.7445,4.7503,4.6053,1
3.3248,4.3338,4.2366,4.293,4.9596,3.8549,4.3223,4.1081,4.2414,3.6544,3.7224,3.4235,4.789,4.7374,4.706,4.6222,1
3.7133,4.126,4.5471,4.2858,4.9345,3.8858,4.4295,4.3681,4.1907,3.9758,3.951,4.0946,4.8817,5.0896,4.7949,4.9963,1
4.0567,4.3915,4.2144,4.8533,4.4065,4.3783,3.8012,3.9877,4.0729,4.1062,3.6972,3.9237,5.0137,4.8643,4.5643,4.6746,1
4.262,4.2447,4.3566,4.4429,4.8804,3.8266,4.4974,4.0398,4.1249,4.0826,4.1372,3.8224,4.8685,4.9189,4.7927,4.7927,1
4.0912,3.799,3.277,3.9554,4.3195,4.8903,3.1773,3.6943,4.6222,4.4282,3.3518,3.4104,3.9058,4.0026,3.7116,3.536,1
4.0635,3.545,3.6281,3.5316,4.0467,4.3108,3.5509,4.4524,4.1258,3.9221,3.5868,3.3708,3.4069,4.51,3.5704,3.7941,1
3.6905,3.7502,3.3157,3.5784,3.3562,3.9997,3.2508,4.1864,3.8546,3.8273,3.2429,3.3942,3.1773,4.009,3.6652,3.5424,1
4.0051,3.6218,3.3876,3.6316,3.6789,4.3685,3.6428,4.2934,3.9918,3.7581,3.4791,3.611,3.2037,3.9663,3.541,3.5781,1
3.714,3.7385,3.5527,3.636,3.5967,4.1787,3.1803,4.3025,4.2809,3.9177,3.583,3.3992,3.4687,4.0723,4.1613,3.567,1
4.2098,3.481,3.3685,3.5038,3.8077,4.1477,3.2297,4.0624,4.0606,3.5632,3.5389,3.1057,3.414,4.3679,3.5491,3.3356,1
3.7337,3.5237,3.5935,3.4846,3.5987,3.9445,3.3508,4.3186,3.9094,3.7693,3.5438,3.4659,3.2149,4.1422,3.4515,3.3117,1
3.6199,3.3076,3.1786,3.0205,3.1478,3.7974,2.994,3.8958,3.4675,3.2657,3.2813,3.2115,3.29,4.0998,3.4409,3.4125,1
3.3116,3.4972,3.1404,2.8806,3.3234,3.5966,3.1139,3.9048,3.8979,3.5085,3.2438,3.2627,2.7677,3.9382,3.2355,3.3782,1
3.834,2.7888,3.6006,3.2217,3.2442,3.4144,2.9322,4.2599,4.1142,3.5735,3.5486,3.433,3.3253,4.3605,3.7653,3.688,1
4.0403,3.8754,2.5842,4.0323,3.8717,4.6424,3.8856,3.6578,3.8629,3.8035,3.5192,3.7864,3.5429,4.5078,3.7967,3.8665,1
3.9781,3.8963,4.1484,4.1364,3.8735,4.7893,4.9333,4.4683,4.2066,3.9844,3.7432,3.9107,3.8105,4.6347,3.9926,3.9508,1
4.3763,3.8064,4.1883,4.2414,4.047,4.7978,4.4375,4.9629,4.3036,4.2245,3.6964,3.7859,3.2855,4.4745,3.6146,3.9778,1
3.7767,3.9656,4.3226,4.2378,4.3004,4.873,4.3266,4.7491,4.8299,4.2664,3.8,3.7166,3.6002,4.7364,3.6996,3.8445,1
3.8683,3.8239,3.8351,3.9094,4.139,4.3696,4.3181,4.731,3.9911,3.8159,3.2477,3.6513,3.5711,4.4,3.291,3.6098,1
3.8168,3.7837,4.4639,4.1361,3.9207,4.3642,4.5555,4.3177,4.0091,3.9809,3.5712,3.4369,3.4493,4.2321,3.283,3.5418,1
4.0327,3.7159,4.5066,4.5187,4.1538,4.6215,4.418,4.811,4.1553,4.1464,3.207,3.6304,3.9844,4.5477,3.6664,3.8515,1
4.0234,3.7112,4.5617,4.3076,3.6589,4.2017,4.5725,4.6345,4.3298,4.1381,3.4928,3.6875,3.362,3.8069,3.5437,3.7478,1
4.1024,3.944,4.4957,4.6148,4.3646,4.4143,4.7465,4.8263,4.3642,4.5324,3.6966,3.9023,4.2271,4.1178,3.8911,3.8079,1
4.2034,3.8372,4.455,4.1993,4.2922,4.3353,4.5379,4.5204,4.0085,4.0338,3.7377,3.7476,4.1818,4.4682,3.7139,3.765,1
4.387,3.8824,4.1993,4.3343,4.0153,4.4207,4.3999,4.6511,4.0165,4.0801,3.3317,3.7448,3.7076,4.4567,3.4246,3.6548,1
3.9847,3.8492,4.4111,4.242,4.0261,4.4207,4.2777,4.9869,3.9467,3.9623,3.6085,3.9164,4.0318,4.3879,3.6531,4.0012,1
3.9789,3.0875,4.6011,4.4447,3.7331,3.9021,4.5464,4.5681,4.2403,4.2299,3.7516,3.9037,3.7152,4.1903,3.9153,3.9683,1
3.6614,2.8708,4.2097,3.7631,3.6756,4.0159,4.2429,4.7143,3.8114,3.9797,3.5564,3.5709,3.4668,4.0289,3.2832,3.6013,1
3.8591,3.4446,4.4794,4.0715,4.3927,4.6058,3.3121,3.4438,4.1443,4.3814,3.1786,3.6824,3.2871,4.3164,3.624,3.9287,1
3.9883,3.997,4.1364,3.995,4.3645,4.2568,3.995,3.9018,3.9691,3.9216,3.0101,3.8522,3.7421,4.3983,3.6549,3.6185,1
3.898,3.4248,3.8047,3.9623,4.2573,4.1946,3.9855,4.2724,3.8159,3.6785,3.1435,3.3846,3.7667,4.0606,3.4909,3.5248,1
3.9814,3.366,4.0013,3.8618,4.297,4.2818,3.8919,4.1404,4.0182,3.7302,3.1075,3.3924,3.6281,4.6354,3.6446,3.5386,1
4.3157,4.083,4.2285,4.1365,4.2981,4.7363,4.3179,4.4618,4.0606,4.1241,3.3751,4.0056,4.1732,4.3045,3.7735,3.8751,1
4.2832,3.9151,4.0674,3.73,3.9691,4.5215,2.3564,4.3135,4.6008,4.1735,4.3534,3.4906,4.1083,4.0305,3.7753,4.532,0
3.8342,4.3409,2.2003,4.1515,3.4095,4.5198,3.2265,4.4538,4.6673,3.9714,4.4007,3.6443,4.42,4.2865,4.2186,4.1835,0
4.4716,4.4036,2.7141,4.4173,4.597,3.8391,3.2732,4.4387,4.8211,5.1786,4.6275,4.226,4.4976,4.6671,4.2968,4.4675,0
4.4814,4.8062,2.7622,4.5749,4.1712,4.5124,3.4453,4.5246,4.8235,5.0452,4.5419,4.4908,4.4391,4.7898,4.5685,4.3881,0
4.4915,4.4939,2.3993,3.9177,3.7817,5.2381,3.8928,4.5115,4.5527,4.6452,4.4595,3.7026,4.3989,5.3185,4.6518,4.1937,0
5.2391,4.7402,3.6339,4.6747,4.488,4.8468,4.5734,4.3487,5.0631,4.9444,4.6547,4.4813,4.714,5.192,4.5369,4.5622,0
5.0395,4.7169,3.3803,4.7326,4.08,4.7276,4.0604,4.8268,5.0899,4.8065,4.4381,4.0649,4.7015,5.1093,4.6361,4.4009,0
4.682,4.7204,4.2793,4.406,4.6173,5.0034,4.219,4.6165,4.3367,4.6885,4.3821,4.4461,4.1936,4.7819,4.3312,4.9565,0
4.6863,4.5862,2.6364,4.6332,4.3285,4.6176,4.2267,4.4607,4.7068,4.6458,4.3259,4.0842,4.5315,4.6446,4.2186,4.7119,0
4.1924,4.5417,2.5449,4.5548,3.7909,4.8872,4.2895,4.5123,4.2106,4.919,4.4551,4.2478,4.3181,4.7033,4.4204,5.0712,0
4.8168,4.8473,2.188,4.4258,4.0547,4.5364,4.6336,4.4119,4.5902,4.5632,4.4754,4.1104,4.2529,4.7712,2.3412,4.8156,0
4.637,4.7859,3.9529,4.2148,4.5903,4.5321,4.4586,4.4374,5.0182,4.6332,4.2019,4.0117,4.5099,4.3745,2.4352,4.2683,0
4.6127,4.3935,3.5104,4.5211,4.5854,4.4781,4.504,4.885,5.0401,4.6446,4.396,3.9307,4.4754,4.6052,4.2938,4.4851,0
4.5042,4.4967,2.9034,4.5261,3.8459,4.7741,4.3689,4.5766,4.7662,4.8666,4.1817,3.9552,4.1321,4.77,4.3946,4.4479,0
4.3794,4.5746,2.2498,4.4429,4.5742,4.8551,4.5386,4.3512,5.092,4.7823,4.3053,4.0862,4.4725,4.9867,4.2194,4.6046,0
4.9081,4.719,2.8823,4.0982,4.5236,4.6724,4.4392,4.4903,4.7689,4.7183,4.2616,4.2256,4.5586,4.7839,4.5317,4.9058,0
4.6173,4.651,3.1595,4.492,4.0365,4.7644,4.5366,4.3034,4.8638,4.7511,4.204,4.0838,4.5516,4.7911,4.3826,4.7201,0
4.7809,4.6106,2.9923,4.3719,4.4664,4.4241,4.6885,4.5772,5.0963,4.9092,4.3773,4.2582,4.4162,4.7595,4.4106,4.739,0
5.1709,5.1183,4.7213,4.6524,4.5817,4.7575,4.5231,4.4372,4.8892,5.1109,4.8446,4.4779,4.8196,4.7767,4.5315,4.7351,0
4.7857,4.3491,3.8728,4.5931,3.9831,4.8832,4.3708,4.3164,5.0758,4.7372,4.2491,4.0747,4.5975,4.4488,4.3935,4.3957,0
4.1463,3.9581,1.9344,4.7595,4.0608,4.7723,4.5899,4.3467,4.7049,4.5009,4.8926,3.4418,4.2306,4.2031,4.0726,4.476,0
4.6541,4.9,4.2253,4.6996,4.3104,5.2323,4.1783,4.4677,4.7366,4.7526,4.1868,4.2166,4.5672,4.6334,4.5617,4.6119,0
4.5405,4.6788,4.8682,4.7143,4.1724,4.8978,4.8857,4.5565,4.9868,4.815,4.3339,4.2151,4.5966,4.559,4.72,4.6394,0
4.6447,4.7508,3.847,4.6478,4.3335,4.7971,4.6383,4.6232,4.7785,4.8518,4.5874,4.234,4.6511,4.7872,4.5444,4.4244,0
4.5637,4.8244,2.9727,4.9291,3.7496,4.4248,4.5615,4.2828,5.267,4.7498,4.3939,3.9775,4.3525,4.7453,4.1373,4.5308,0
4.7942,4.5719,4.4074,4.4023,3.7464,4.9916,4.8424,4.4699,4.7376,4.8052,4.4907,4.38,4.3112,4.4788,4.667,4.5923,0
5.0782,5.0413,4.3251,4.8464,4.0868,4.9018,4.4687,4.4141,4.9978,4.9811,4.456,4.1502,4.6365,4.8706,4.8498,4.6212,0
4.8074,4.4084,4.2149,4.8967,3.8732,4.8288,4.5754,4.5936,4.9545,4.5184,4.3406,4.1181,4.4386,4.6245,4.411,4.634,0
4.7765,4.8077,4.29,4.7778,4.0376,4.9472,4.7334,4.3911,4.7396,4.8285,4.889,4.5769,4.3347,4.5001,4.3498,4.8662,0
4.9432,5.1316,3.857,4.6985,4.4813,4.9004,4.6349,4.4658,5.131,4.8696,4.5685,4.4745,4.2358,4.8119,4.5112,4.4902,0
4.8959,4.7022,4.1567,4.0221,4.0533,4.8812,4.7008,4.5437,5.2029,4.813,4.69,4.2899,4.3933,4.8349,4.3397,4.4866,0
4.7709,4.3381,3.4623,4.5419,3.589,4.9565,4.52,4.5044,4.7469,4.7318,4.5646,4.3747,4.5056,4.6587,4.5504,4.4875,0
4.6066,4.7801,4.1654,4.3883,3.6753,4.7304,4.4159,4.5594,5.51,4.6851,4.5114,4.1266,4.1973,4.965,4.1509,4.6365,0
4.6446,4.6272,4.6084,4.6099,3.8017,4.9113,4.6201,4.569,4.9842,4.7903,5.015,4.4036,4.7222,4.8655,4.7491,4.7489,0
4.5401,4.7209,4.4432,4.5791,4.2272,4.7602,4.7234,4.4415,4.5749,4.88,4.3916,4.5075,4.4488,4.7822,4.6933,4.8238,0
4.734,4.583,4.1972,4.4495,3.0886,4.8857,4.2206,4.2319,4.9221,4.798,4.4541,4.3767,4.4702,4.9086,3.7034,4.8509,0
4.887,4.5139,3.6284,4.5283,3.8848,4.9234,4.4356,4.4943,4.7336,4.7559,4.3535,4.0657,4.4729,4.8363,4.7011,4.695,0
4.854,4.2889,3.4637,4.3629,3.8196,4.7019,4.2984,4.4117,5.2832,5.0495,4.6298,4.045,4.3539,4.8308,4.6257,4.6363,0
4.1971,3.9944,2.6067,4.3206,3.1997,4.3621,4.5813,4.4931,4.9963,4.5914,4.2067,4.0773,4.219,5.1858,4.6194,4.5675,0
5.0562,4.6297,4.359,4.4175,4.391,4.6368,4.7359,4.3896,4.2912,3.9419,4.1024,4.0027,5.0317,4.7101,4.4521,4.245,1
4.8469,4.7022,4.763,4.3681,4.6522,4.9619,4.6459,4.4274,4.2362,4.2422,4.283,3.9885,5.1183,4.5106,4.4314,4.167,1
4.7849,4.3931,4.1818,4.3095,4.1,4.5184,4.5568,4.1631,3.8644,3.763,3.9229,3.7134,4.843,4.73,4.4113,3.8773,1
4.6627,4.5068,4.5325,4.369,3.8249,4.9535,3.7842,4.3309,4.1728,4.2677,4.1735,4.1899,4.9064,4.5167,4.2368,4.3953,1
4.0915,4.2031,3.9181,4.116,4.1379,4.5992,4.5542,4.521,3.9264,3.934,3.7887,3.5547,4.8416,4.6445,4.1931,3.909,1
4.7351,4.7538,4.061,4.0967,4.3717,4.3902,4.4712,4.0678,4.0555,3.9579,3.9431,4.0967,4.8585,4.6311,4.2639,4.3562,1
4.6011,4.2108,3.8053,4.3233,3.8295,4.0807,4.3308,4.134,3.9487,3.9571,3.4337,3.7622,4.7312,4.2569,4.0022,3.5869,1
3.7682,3.9742,3.947,3.9111,4.3758,4.1223,4.0168,3.6566,3.7018,3.6287,3.1767,3.4655,4.7171,4.3664,4.1052,3.9284,1
3.8766,4.0582,3.7952,3.6229,3.9706,3.7788,4.1224,3.6942,3.7719,3.6668,3.3614,3.4814,5.0057,3.9573,4.0332,3.4439,1
4.1419,4.4,4.3444,3.8943,4.2619,3.8986,4.6779,3.9868,3.7766,3.8258,3.4826,3.6723,4.7323,4.4398,4.0959,3.6692,1
3.8488,3.861,3.6576,4.1278,3.6827,4.3846,3.1483,3.0916,3.4657,3.2491,3.2688,3.234,4.3935,4.2306,3.6427,3.4435,1
4.0593,4.1593,3.9592,4.0451,4.0593,3.9782,4.3823,3.9011,3.6913,3.9808,3.336,3.618,4.6383,4.3708,4.2138,3.7283,1
3.9236,4.0231,4.0006,4.0214,3.5704,3.9206,4.6853,3.7708,3.8946,4.0514,3.3482,3.7519,4.8245,4.077,3.926,3.682,1
4.0373,4.2946,3.971,3.8443,4.0169,4.3149,3.9148,3.5766,3.7125,3.4923,3.3627,3.4171,4.5584,4.4127,4.0302,3.7278,1
3.9069,3.9474,3.9069,3.7201,4.0081,4.0613,4.1873,3.8083,3.7828,3.7465,3.3721,3.4652,4.5462,4.1673,3.9371,3.6015,1
4.1618,4.4548,4.0795,3.5254,3.9536,4.4539,4.1924,3.7005,4.0208,3.6628,3.5942,3.6232,4.8068,4.4564,4.0075,4.0039,1
4.6826,4.1577,3.9744,3.5698,4.0714,4.2319,4.215,4.0619,4.2082,3.885,3.4846,3.6296,5.0532,4.0825,4.0996,3.6954,1
4.3909,4.4869,4.5275,4.0796,4.1592,4.4208,4.3527,3.7342,3.9215,3.9697,3.4933,4.0772,5.0586,4.594,3.8523,3.9192,1
4.126,4.0791,4.1905,4.0085,3.9822,4.513,4.7488,4.0932,4.1226,3.8239,3.6944,3.7325,4.5857,4.4485,4.0212,3.8999,1
4.5097,4.5287,4.4254,3.7429,4.4854,4.4641,4.6642,4.3222,3.9323,3.8045,3.6085,3.6856,4.93,4.5525,3.9786,3.7872,1
4.3664,4.1317,4.2548,3.8962,3.7684,4.1254,4.7771,3.8329,3.7944,3.9657,3.3648,3.6393,4.807,4.5162,4.0782,4.0882,1
4.8814,4.0297,4.3624,3.9305,4.3906,4.9581,4.2473,3.8671,3.9485,3.984,3.7982,3.8587,4.7501,4.595,3.8684,3.9182,1
4.5607,4.471,4.4067,4.2184,4.094,4.8137,4.7727,4.0699,3.9198,4.0656,4.3916,4.1973,5.0644,4.3755,4.1068,4.0958,1
5.1021,4.6574,4.6049,4.2123,4.5898,4.9549,4.561,4.3319,4.0327,4.3363,4.1996,4.0735,4.8157,4.8643,4.3207,4.3935,1
4.6853,3.8809,4.4614,4.0315,4.0666,5.0393,4.179,3.707,3.6522,3.8197,3.7749,3.5163,4.691,4.2994,4.2355,3.8583,1
4.5783,4.3831,4.3861,4.1756,4.4449,5.1858,4.3683,4.1514,4.2957,4.1575,4.1333,3.8808,4.9003,4.6309,4.0615,3.9374,1
4.7765,4.4697,4.465,4.2306,4.167,4.8094,4.6159,4.0276,4.2715,3.8478,4.3316,4.0292,4.7602,4.6538,4.1546,4.2185,1
4.6996,4.2138,4.5216,3.7941,4.2805,4.318,4.0576,3.5831,3.8947,3.8964,4.1525,3.8288,4.8601,4.5558,4.0842,3.828,1
5.1726,4.6155,4.371,4.2377,5.0712,4.5675,4.0775,4.1117,4.3217,4.2939,4.1711,4.105,5.079,4.7889,4.0424,4.7644,0
4.5675,4.0862,4.9031,4.2678,4.3239,4.1445,4.3236,3.7049,4.3811,4.7674,3.9321,3.974,4.8179,4.6989,4.1207,4.2622,0
4.4021,4.2284,4.2474,4.0183,4.0615,4.9444,4.0892,3.9422,4.7417,4.5726,4.3998,4.1359,4.8998,4.8997,4.3786,4.6652,0
4.2332,4.1994,4.2867,3.9655,4.0335,4.2975,4.1518,4.1062,4.231,4.1023,4.1913,3.8065,4.7681,4.7052,4.0559,4.781,0
4.4791,4.3949,4.3354,4.2175,4.1125,4.7459,4.1171,4.265,4.1952,4.6999,3.9792,3.9109,4.9934,4.782,4.1232,4.7001,0
4.1241,4.4701,4.1889,4.1249,4.0852,4.3576,4.121,3.9479,4.0928,4.5519,3.9861,4.1733,4.8195,4.7461,4.556,4.4467,0
3.9964,3.7932,4.1296,4.1726,3.8686,4.8767,2.6885,2.824,3.76,4.0995,3.832,3.6603,4.6348,4.7239,3.7813,4.3106,0
4.3366,4.0692,4.2951,4.2,3.6615,4.4033,3.8772,3.7061,4.3461,4.2639,3.9601,3.6745,5.0881,4.6253,4.3128,4.3897,0
4.2115,3.9692,4.4091,3.9063,3.755,4.396,3.812,3.5778,4.4641,4.1206,4.1625,3.9601,4.9248,4.6596,4.5008,4.7185,0
3.9348,3.85,3.7495,3.7179,3.5805,4.5516,2.8254,2.8489,3.7759,3.7419,3.7533,3.4616,4.5704,4.4428,3.8501,4.2489,0
4.3364,4.3951,4.2469,3.9096,3.8962,4.2579,3.5592,3.6963,4.5535,4.7857,4.2548,3.9011,4.7624,4.4677,4.1665,4.2952,0
4.4474,3.9552,4.2328,3.8701,3.9773,4.3448,4.616,4.114,4.6232,4.6165,4.1669,4.0668,5.0373,4.8943,4.2832,4.4376,0
4.3974,4.001,3.7968,4.1058,3.4767,4.3988,3.411,3.2143,3.9352,3.9892,3.8168,3.7469,4.7092,4.5398,4.0267,4.3118,0
4.2873,4.1247,3.9089,4.0637,3.6548,4.3189,3.3631,3.5405,4.0448,4.2052,3.8156,3.8519,4.902,4.6111,3.9656,4.5196,0
4.3406,4.0139,4.2121,3.9893,3.6996,4.6806,4.0545,3.9936,4.2469,4.4885,3.8004,3.7113,4.3875,4.3987,4.2191,4.3366,0
4.1405,3.8964,4.2346,3.9812,3.9716,4.763,4.0501,3.9435,4.115,4.3038,3.9149,4.1745,4.597,4.5549,4.0084,4.442,0
3.8959,4.363,4.1793,4.0049,3.9613,4.5167,3.8955,4.0075,4.2585,4.257,4.1102,3.9147,4.8478,4.4449,4.0144,4.4507,0
4.0296,4.105,4.4482,3.6046,3.6596,4.4949,4.2964,3.7142,4.4045,4.6001,3.9164,3.7876,5.0466,4.7857,4.118,4.6934,0
3.9257,4.172,3.9495,3.6864,3.7513,4.6826,3.3266,3.5293,4.0758,4.2697,3.8377,3.8903,4.6632,4.6935,3.7802,3.9914,0
3.9749,4.1842,4.3556,4.3211,3.6503,4.5695,4.3214,4.3113,4.0988,4.5863,3.9856,4.0512,4.4249,4.5442,3.88,4.3471,0
4.3695,4.0614,3.7997,3.7735,4.2152,4.9861,3.6434,3.6711,4.1053,4.3243,4.0128,3.7799,4.2611,4.573,4.2774,4.1881,0
3.7933,4.2091,4.1943,4.0022,4.3891,4.965,4.1843,3.8564,4.5792,4.5202,4.0387,3.9338,5.019,4.8745,4.1321,4.5387,0
4.2758,4.2272,4.1513,4.3283,4.2308,4.8766,4.1102,4.2255,4.4803,4.3698,4.1557,3.9977,4.8415,5.0317,4.1786,4.4885,0
4.2747,4.2278,4.2287,4.1651,4.2818,5.2314,3.8609,4.0315,4.1791,4.8405,3.7058,3.9497,5.1484,4.8315,4.0423,4.5391,0
4.3057,4.4517,4.1584,3.9312,4.1235,4.4494,3.826,3.4769,4.0959,4.5901,4.0657,3.7783,4.7092,4.5292,4.0034,4.1657,0
4.3341,4.259,4.0574,3.9048,4.2943,4.9289,3.8673,3.7874,4.1859,4.4841,3.8964,3.8344,4.748,4.3499,4.0788,4.3135,0
4.0928,4.0227,4.1409,4.0771,3.8956,4.1048,3.5425,3.2757,3.8696,4.3368,3.5745,3.7408,4.6185,5.1222,3.8492,4.2355,0
4.1933,4.0786,4.0343,3.8839,4.1967,4.7369,3.8866,3.4949,4.3335,4.3159,3.6716,3.9664,4.8343,4.535,3.8523,4.378,0
4.6604,4.3698,4.2382,3.8921,4.3849,4.0901,4.0706,4.2891,4.2972,4.0322,3.9103,3.7776,4.4258,5.0273,4.1311,4.2853,1
4.5731,4.6602,4.3434,4.0945,4.4766,3.9054,4.0031,3.8362,4.2274,3.9403,4.0387,3.7711,4.5137,4.9031,4.3072,4.1841,1
4.4157,4.4473,3.9541,4.0838,4.209,3.9034,4.0623,3.9303,4.0679,4.0667,3.7745,3.5599,4.6581,4.8852,4.2546,4.1222,1
4.1955,4.3717,3.8004,4.087,4.4389,3.8295,4.1838,3.9384,4.5847,4.2896,3.9253,4.0518,4.4818,5.1644,4.3201,4.495,1
4.6276,4.5856,3.9555,4.1895,4.1816,4.035,4.066,3.9899,4.4449,4.0642,4.15,3.8819,4.5402,5.0581,4.4484,3.9277,1
4.568,4.2379,3.9559,4.0311,4.1699,3.8626,3.9671,4.0996,4.0804,3.7842,3.9223,3.8175,4.6649,5.2546,4.0612,4.3664,1
4.3184,4.3753,4.0267,4.0437,4.6109,3.8948,3.8828,3.8051,4.2401,3.9083,3.7767,3.6666,4.5799,5.2395,4.2099,4.1776,1
4.4142,4.4426,4.1138,4.1509,4.4299,4.2229,4.265,4.1033,4.5857,4.3027,4.2545,3.7724,4.6939,5.4828,4.6288,4.3325,1
4.534,4.5452,4.0894,4.1006,4.3281,3.9586,4.1482,3.8955,4.277,4.0189,3.9936,3.9829,4.8531,5.0883,4.1908,4.1724,1
4.3071,4.2835,4.056,3.9001,4.3611,3.9474,3.6793,3.6042,4.0712,3.8448,3.9781,3.7077,4.5125,4.7909,3.986,4.2588,1
4.65,4.3992,4.3452,4.2503,4.4308,4.0224,4.0035,4.0711,4.2243,3.9007,4.2558,3.8834,4.9452,4.8035,4.0402,4.2497,1
4.3642,4.374,3.8481,3.9051,4.4398,4.082,4.0948,4.0256,4.4334,4.0913,3.9145,3.8737,4.6329,5.5486,3.982,4.2285,1
4.4745,4.4569,3.8799,3.9172,4.2569,3.9476,3.8937,3.8555,4.1804,3.9677,3.9781,3.5864,4.823,4.8875,4.2077,4.1414,1
4.4117,4.4928,3.9315,4.0888,4.5983,3.8446,4.1309,4.1418,4.2021,4.1067,3.9739,4.0144,4.725,4.8246,4.01,4.3594,1
4.4536,4.3842,4.3983,4.0563,4.3538,4.1209,4.4096,3.9441,4.4225,4.4814,4.1703,4.0244,4.6834,4.7463,4.1511,4.3361,1
4.7335,4.668,3.846,3.9517,4.4495,3.9364,4.3798,4.3118,4.3965,4.1933,4.1588,3.9425,4.8286,4.7547,4.4367,4.269,1
4.6201,4.2011,4.0185,4.0358,4.4592,4.2245,4.0905,4.271,4.667,4.394,4.1891,4.1039,4.7413,4.8598,4.1464,4.3805,1
4.3042,4.4014,4.1038,4.1411,4.2906,4.2601,4.1242,4.2657,4.4756,4.1488,4.1216,4.2542,4.8585,4.9577,4.2296,4.1701,1
4.4332,4.471,4.1294,4.159,4.5717,3.9685,3.9878,4.1383,4.6689,4.3615,4.084,4.1658,4.8072,5.0207,4.3186,4.1774,1
4.4619,4.2072,4.0497,3.9981,4.4337,4.0208,4.1159,4.1021,4.4156,4.0058,4.1089,3.834,4.7052,5.0232,4.0887,4.59,1
4.461,4.0832,4.0895,3.8797,4.2738,3.8839,3.9195,3.7267,4.1554,4.1601,3.9284,3.754,4.4237,5.3509,4.4873,4.5441,1
4.6166,4.8378,4.2308,4.348,4.3285,3.8113,4.4866,4.2636,4.5077,4.087,4.1433,4.0623,4.7301,5.1699,4.3083,4.4598,1
4.498,4.7842,4.4581,4.3055,4.4696,4.184,4.2308,4.2567,4.6797,4.3058,4.0398,4.1227,4.9134,4.8439,4.4376,4.6214,1
4.8496,4.3685,4.0399,4.6043,4.5929,4.3567,4.4836,4.2819,4.6391,4.5966,4.2577,4.513,4.9454,4.9893,4.5183,4.5536,1
4.4711,4.527,4.0884,4.121,4.4094,3.949,4.0626,4.2939,4.3519,4.1263,4.0227,3.9145,5.0798,4.752,4.5178,4.2667,1
4.8037,4.6706,4.1948,4.135,4.2415,4.099,4.1359,4.6057,4.7016,4.3478,4.4476,3.9345,4.8213,5.1115,4.4282,4.3723,1
4.8217,4.1522,4.1598,3.8808,4.3927,4.1451,4.473,4.1532,4.1331,4.1509,3.8623,4.0454,5.0389,5.0436,4.1181,4.3451,1
4.5911,4.4927,4.0714,3.959,4.2653,3.8091,4.0901,3.8379,4.4442,4.2354,4.251,3.9309,4.6838,5.3347,4.3255,4.1701,1
4.4208,4.2227,3.8804,4.2385,4.6306,4.2201,4.1137,4.0781,4.5349,3.9242,4.0958,3.781,4.7457,5.1577,4.2385,4.2757,1
4.7311,4.4899,4.2208,4.1333,4.6715,4.1605,4.4429,4.4839,4.3716,4.2887,4.3206,4.3643,5.0246,4.8779,4.4931,4.5525,1
4.419,4.6049,4.0882,4.0181,4.4252,3.5372,3.5143,3.4202,3.8803,3.8289,3.9162,3.7485,4.7582,5.0193,3.8207,4.07,1
4.3368,4.4945,4.025,3.9852,4.2246,4.1161,4.2392,3.9975,4.4491,3.8068,4.0415,3.672,4.6329,4.6812,4.0987,4.3556,1
4.6298,4.1787,4.3146,3.8411,4.4318,4.3189,4.263,3.9002,4.4619,4.3111,4.2217,3.9333,4.7444,5.0213,4.3446,4.0166,1
4.7046,4.583,4.106,3.8855,4.3609,4.0441,4.1097,3.7953,4.4021,3.9058,4.1799,3.7497,4.813,4.9506,4.4153,4.117,1
4.4538,4.2262,4.3458,3.9066,4.4862,4.0458,4.3661,4.1955,4.1742,4.0977,3.7206,3.9634,4.9459,5.1976,4.1113,4.44,1
4.478,4.3255,4.1708,4.2029,4.6722,3.9683,4.3392,4.1582,4.3902,4.1828,4.0419,4.0784,5.1166,4.8363,4.3382,4.2697,1
4.7121,4.3545,4.2366,3.9236,4.6242,4.2025,4.3289,4.046,4.2639,4.6608,4.2739,4.0731,4.5114,5.2165,4.3756,4.3376,1
4.423,4.4589,4.0559,3.9057,4.335,4.1103,4.164,3.7732,4.4662,4.0932,4.2239,3.8933,4.9319,4.7387,4.5099,4.05,1
4.8428,4.3657,4.215,4.3219,4.5014,4.2487,4.2908,4.2565,4.5529,4.166,4.0331,4.2219,4.5149,5.0227,4.302,4.2475,1
4.8783,4.345,4.1395,3.8919,4.3462,4.0152,4.3941,4.4648,4.8115,4.4526,4.0356,4.0751,4.7057,4.7455,4.375,4.2111,1
4.7204,4.3479,3.5167,4.3043,3.6746,4.2107,3.6786,4.631,4.5143,4.6853,4.5552,4.4175,4.5776,4.5111,4.6892,4.9639,0
4.8022,4.3728,4.4116,4.3142,4.0242,4.1318,4.0691,4.2023,4.5241,4.0861,4.5714,4.4956,4.6444,4.7574,4.7782,4.5814,0
4.4827,3.9264,4.7764,4.3131,4.2458,3.7737,4.4149,4.4153,4.7745,4.5592,4.7125,4.3672,4.588,4.801,4.8503,4.8486,0
4.1231,4.4328,4.5902,4.3835,3.7411,3.9271,4.0573,4.4563,4.2076,4.4313,5.0063,4.6114,4.7348,4.8447,4.7069,4.4284,0
4.4949,4.2328,3.9183,3.3013,3.5824,4.0431,4.0953,4.0697,4.4236,4.1099,4.6491,4.2463,4.708,4.7078,4.982,4.6396,0
4.6706,3.7601,4.6828,3.9886,4.1396,4.0766,4.019,4.3497,4.6467,4.2702,4.7009,4.3628,4.8641,4.6232,4.8771,4.553,0
3.8652,3.7846,2.5916,4.244,3.1671,3.7296,3.8159,4.3429,4.2699,4.1242,3.8621,3.9805,4.4496,4.2952,4.7243,4.2293,0
4.3567,3.8527,4.3468,4.2195,2.9403,4.5345,3.5095,3.7059,4.4204,4.5495,4.4625,4.3371,4.6255,4.7711,4.95,4.5097,0
4.3755,3.9338,4.548,4.362,3.3771,4.318,4.1634,4.0906,4.5343,4.7989,4.6257,4.167,4.7498,4.8415,4.8896,4.7365,0
4.4191,3.782,4.4235,4.1663,3.9395,4.4449,3.6867,3.7194,4.6967,4.5216,4.4607,4.3412,4.7813,4.569,4.7425,4.5916,0
4.3036,4.1414,3.9443,4.0829,3.8156,4.5159,3.4713,3.6922,4.383,4.7104,4.6797,4.5612,4.7127,4.733,5.1395,4.634,0
4.6993,3.8338,4.3539,4.0128,4.3839,4.5071,3.8068,3.7051,4.3753,4.318,4.4411,4.2724,4.8762,4.5632,4.8522,4.3705,0
4.4411,3.929,4.2042,4.2519,4.2223,3.9689,3.949,3.7509,5.021,4.4404,4.444,4.4168,4.8307,4.862,4.6279,4.4807,0
4.5771,3.8327,4.559,4.0621,4.6396,4.4444,3.7983,3.588,4.3955,4.5766,4.5658,4.0787,4.6528,4.3327,5.041,4.306,0
4.968,4.0666,4.4396,4.239,4.378,4.12,3.7705,3.6851,4.5069,4.6801,4.5449,4.3326,4.8389,4.3782,4.6573,4.6788,0
4.4376,4.0582,4.4253,4.3643,4.6495,4.4792,4.2587,4.1376,5.0242,4.5157,4.5819,4.7239,4.6951,4.8382,5.1325,4.6146,0
4.7058,3.9746,4.5076,4.2099,4.3866,4.4756,3.6606,3.997,4.6858,4.6353,4.6207,4.4773,4.6204,4.6793,5.2672,4.5552,0
4.864,4.1632,4.2301,3.9922,4.0402,4.1894,3.866,4.0899,4.3383,4.614,4.6284,4.3675,4.5651,4.8873,5.1154,4.6803,0
4.5556,3.7459,4.2968,4.0656,4.416,4.4599,3.807,4.0055,4.4157,4.4362,4.459,4.3838,4.8746,4.6422,4.6656,4.4265,0
4.711,3.9162,4.6123,4.194,4.5719,4.6043,4.1957,4.0918,4.5147,4.4335,4.4039,4.359,5.0474,4.6594,4.8478,4.3085,0
4.8718,4.1933,4.4702,4.4249,4.6206,4.5262,4.1826,4.2344,4.3416,4.6123,4.3257,4.3356,5.021,5.0043,5.0732,4.7044,0
4.5795,4.2207,4.5532,4.2677,4.5443,4.5727,3.9086,4.3957,4.7979,4.7193,4.5304,4.3081,5.0983,4.9299,4.9721,4.7137,0
4.5628,3.6977,4.3838,4.513,4.2503,4.3781,3.9358,4.0321,4.6215,4.6204,4.7529,4.2802,4.7192,4.5151,4.6108,4.6204,0
4.4713,4.3605,4.5368,4.1152,4.774,4.42,4.04,4.347,4.5638,4.733,4.5,4.2276,4.9047,4.5958,4.6163,4.5039,0
4.675,3.9467,4.004,4.4801,4.1389,4.2323,3.8977,3.8,4.4154,4.471,4.3894,4.3988,5.2706,4.5927,4.8289,4.3197,0
4.4143,4.0837,4.6913,4.666,4.3083,4.8303,4.0522,4.2543,4.5472,4.3925,4.5285,4.6794,4.6889,4.6838,4.8388,4.8323,0
4.7267,4.412,4.2458,4.2347,4.2001,4.4085,4.0214,4.1528,4.6885,4.412,4.7662,4.3846,4.9621,4.7838,5.06,4.7531,0
4.8132,4.3579,4.9184,4.3038,4.2799,4.4224,4.4882,4.3947,4.6814,4.6723,4.4547,4.2638,4.6719,4.979,4.7635,4.7595,0
4.8137,4.5272,4.5134,4.4573,5.1457,4.7285,4.2668,3.9179,4.6577,4.4033,4.6401,4.4374,4.7234,5.1044,5.0749,4.8005,0
4.6403,4.4609,3.9881,4.493,4.0273,4.0512,4.0494,3.8501,4.7009,4.4726,4.6301,4.2548,4.6827,5.1925,5.0796,4.6232,0
4.9081,4.3411,4.5832,4.3013,4.0002,4.0582,3.8476,4.018,4.8231,4.767,4.3837,4.4774,4.7755,4.5864,4.7292,4.7006,0
4.6708,3.9989,4.4483,4.4266,4.2698,4.5268,3.8553,3.7806,4.5493,4.5832,4.8763,4.3073,5.0805,4.6968,4.9318,4.9413,0
4.6717,4.1879,4.1142,4.349,3.8875,4.2923,3.7309,4.1926,4.5564,4.5859,4.6307,4.5044,5.0223,4.4575,5.027,4.5878,0
4.4293,4.0208,4.3434,4.1839,4.1955,4.2285,4.073,3.9027,4.4226,4.584,4.2613,4.3659,4.7346,4.9421,4.8622,4.7855,0
4.706,4.1883,4.4674,4.132,4.2804,4.2047,4.0888,3.85,4.7075,4.6845,4.5844,4.3827,4.7594,4.9197,4.5923,4.7488,0
4.3161,4.0922,4.2226,4.4519,4.2726,3.8163,4.3567,3.8995,4.4515,4.6379,4.5098,4.4314,4.8333,4.7982,5.056,4.8376,0
4.4696,4.2093,4.1662,4.4202,3.9964,4.032,3.6449,4.0426,4.4543,4.6847,4.754,4.4319,4.6577,4.7098,4.8963,4.8435,0
4.6367,4.4853,4.4402,4.6016,4.4005,4.5841,3.757,3.9568,4.6543,4.7795,4.5604,4.1551,4.9152,4.7628,5.1249,4.7557,0
4.4694,4.0037,4.5385,4.026,4.1836,4.4212,4.0244,3.9626,4.621,4.6201,4.4362,4.6641,4.6731,4.5557,4.6997,4.993,0
4.5413,4.0537,4.3762,4.0861,4.22,4.3586,4.0248,3.7826,4.2876,5.0171,4.724,4.3461,4.9288,5.0619,4.805,4.4466,0
4.0743,3.6781,4.4045,4.1281,3.7317,3.537,4.1107,4.2682,3.8064,3.9192,3.9396,3.9827,4.3608,4.5229,3.436,3.7916,1
4.52,4.0568,4.5595,3.945,3.9761,3.7181,4.7066,4.2241,3.9828,4.14,4.0541,4.1071,4.7667,4.5663,3.8275,4.1867,1
4.1403,3.747,4.1182,3.8231,3.3106,3.8795,4.2609,4.3146,3.6282,3.6867,3.9777,3.8414,4.3271,4.1416,3.6231,3.7352,1
4.3234,3.8082,4.3113,3.8227,3.9846,3.6681,4.4958,4.2825,3.6194,3.8072,3.8199,4.1157,4.3546,4.2196,3.688,3.7808,1
4.2407,4.1508,4.3927,4.0331,3.6785,3.678,4.5063,3.9803,3.7852,3.7869,3.9107,3.9814,4.9259,4.3885,3.6132,3.9964,1
4.2311,3.9418,4.1888,4.135,4.2317,3.7841,4.3639,4.2312,3.9215,4.081,3.9377,4.1284,4.7745,4.4312,3.7112,3.9396,1
4.1974,3.9256,4.1732,4.0023,3.9462,3.843,4.3349,4.2257,3.7872,3.8132,4.0353,3.8772,4.8349,4.3508,3.8547,3.8246,1
4.2224,3.9366,4.0803,4.1109,4.2813,3.8068,4.357,4.3855,4.4052,4.2475,4.1694,4.0823,4.794,4.0878,3.8942,3.9916,1
4.4318,3.69,4.1584,3.8694,3.4877,3.6437,4.2359,4.2609,3.7475,3.8151,4.0912,3.7927,4.4999,4.1425,3.5809,3.6987,1
4.1252,3.6646,4.0117,3.9259,3.461,3.5096,4.028,4.2762,3.3849,3.2483,3.8409,3.7342,4.2717,4.1397,3.432,3.6892,1
3.4138,3.4818,3.6457,3.6413,3.6965,3.3042,2.1373,2.0541,2.9216,2.9201,2.8504,2.8936,4.0713,3.4947,2.9292,2.8169,1
4.4479,3.9837,4.3782,4.11,3.6641,3.7901,3.9436,4.0349,3.6706,3.682,4.2238,4.2872,4.6788,4.3356,3.7568,3.8843,1
4.1814,4.1769,4.3938,4.249,3.829,3.7447,4.2323,4.4603,3.9861,3.8505,3.93,4.0948,4.7969,4.1816,3.7411,4.0008,1
4.2089,4.5102,4.2177,4.0651,3.6421,3.9358,4.2971,4.1391,4.0689,3.987,3.854,4.0539,4.8296,4.3316,3.9105,3.8372,1
4.4438,4.2027,4.202,3.808,4.1868,3.6126,5.0109,4.7163,3.9071,3.8438,4.1316,4.0415,4.5142,4.1258,3.5852,4.0249,1
4.1701,3.9969,4.2782,4.4142,3.8055,3.4692,4.2299,4.0846,3.7504,3.9309,4.066,4.1962,4.9191,4.2373,3.9633,3.9717,1
4.5652,4.1669,4.1191,4.1444,3.724,3.8453,4.1782,4.0376,3.702,3.854,3.8145,4.044,4.9299,4.3176,4.2571,3.991,1
4.3203,3.802,4.2776,4.0114,3.2416,3.88,4.0516,4.2243,3.8035,3.4796,3.6786,3.7096,4.0254,4.0714,3.5188,3.6769,1
4.2273,3.7977,4.1381,3.9459,3.9993,3.38,3.9922,4.2946,3.5828,3.6848,3.7768,3.9248,5.0108,4.1926,3.7484,3.8051,1
4.6184,4.2161,4.2258,3.7463,3.7271,3.2163,4.2027,3.7618,3.627,3.701,3.874,4.1688,4.7234,4.1431,3.4696,3.7884,1
4.3204,4.2569,4.3464,4.0976,3.8152,3.8212,4.4323,4.2155,3.9414,3.8612,3.9275,4.0653,4.4216,4.2711,3.8749,3.8552,1
4.1359,4.0516,4.096,3.9662,3.0572,3.041,4.3012,4.0734,3.7626,3.6396,3.7479,3.8425,4.3801,3.9604,3.6533,3.6992,1
4.0917,3.9204,4.0268,3.8367,3.5743,3.4105,4.2684,4.2718,3.6857,3.8032,3.9406,4.0402,4.658,3.683,3.6158,4.0128,1
4.196,4.354,4.1304,4.0026,4.0433,3.7793,4.0641,4.2141,3.7032,3.7733,4.1513,4.167,4.7868,4.2622,3.7577,4.0818,1
4.0045,3.8934,4.1418,4.1387,3.8479,3.8089,4.1553,4.269,3.8105,3.7337,4.0808,4.166,4.7545,4.4136,3.8351,3.7033,1
4.1701,4.1171,4.0591,3.8739,3.9665,3.907,4.2053,4.1919,3.6066,3.9515,3.7946,4.1006,4.5231,4.2551,3.6026,3.8893,1
4.2249,4.0658,3.853,4.0726,3.6833,3.7565,4.2167,4.3252,3.6252,4.0987,4.0329,4.0894,4.6985,4.3752,3.5721,4.0131,1
4.1001,3.5759,4.0314,4.0651,3.6947,3.7072,3.6754,3.726,3.7798,3.7583,3.6436,4.0336,4.6115,3.9081,3.5064,3.6499,1
4.1903,4.1162,4.1598,3.9079,3.8868,3.6932,4.4395,4.4195,3.9508,3.8566,3.8666,4.1538,4.37,4.0691,3.7473,3.9742,1
4.2086,4.0282,4.0593,4.0046,3.8421,3.751,4.1368,4.4586,3.7689,3.6869,3.8835,3.8942,4.7069,4.0454,3.699,3.6622,1
4.2878,4.0083,4.0572,4.0709,4.1069,3.9003,4.2889,4.5643,3.9315,4.0083,4.14,4.3276,4.5847,4.3628,3.6894,3.8664,1
4.2964,3.9948,4.0907,3.9856,3.8458,3.8934,3.9838,4.0786,3.8462,3.7764,3.963,3.982,4.5337,4.2895,3.8937,3.8966,1
4.7309,4.2151,4.4001,4.2688,3.9512,3.984,4.4116,4.2943,4.1733,3.9361,4.0162,4.0793,4.466,4.1216,3.8533,3.9617,1
3.9,3.9729,4.2511,3.8524,3.1843,3.2051,4.0566,3.7361,4.0086,3.5129,3.874,3.8884,3.893,3.9019,3.3912,3.6157,1
3.9865,3.9983,4.1921,3.7427,3.1262,3.048,4.4127,4.0948,4.1197,3.7163,4.2236,4.0026,4.1989,3.6877,3.7254,3.8282,1
4.5433,3.9655,4.2574,3.7572,3.6638,3.1537,4.0965,4.0649,3.6893,3.7667,3.6035,4.0708,4.2177,3.8814,3.6194,3.8023,1
4.2292,3.7586,3.9681,3.7341,3.0713,2.6682,4.2182,4.0839,3.9023,4.0222,3.8848,3.9576,4.0338,3.8989,3.3606,3.7839,1
4.5334,4.6218,4.7857,4.8734,4.8218,4.847,4.3692,4.0832,4.6723,4.6351,4.678,4.5836,5.001,5.109,4.4429,5.1299,0
4.8886,4.4476,4.3772,4.4528,4.8245,4.7971,3.9958,3.4684,4.5022,4.5755,4.0954,4.0354,4.9797,5.0018,4.3774,4.7559,0
4.325,4.573,4.5529,4.8837,5.3635,4.4179,4.3214,3.8288,4.2413,4.6896,4.5325,4.3772,4.8983,4.4506,4.771,4.4639,0
4.4602,4.8132,4.6833,4.6526,5.2295,5.0747,4.5272,4.4677,4.5119,5.3943,4.5931,4.762,5.2081,4.3834,4.7336,4.6923,0
4.4844,4.4871,4.8936,4.6585,5.0896,4.8327,4.4963,4.407,4.6645,4.8574,4.7223,4.1745,5.1277,4.837,4.7206,4.6059,0
4.8171,4.4886,4.6021,4.9856,5.2289,4.9134,4.647,4.4798,4.4702,4.5682,4.5078,4.2897,4.9109,4.9008,4.673,4.2375,0
5.2131,4.4859,5.1953,4.8823,5.0977,5.0024,4.7737,4.5127,4.8274,4.9274,4.5676,3.8072,4.9827,4.9403,4.4601,4.6869,0
4.5335,4.337,4.614,4.7187,4.7683,4.9399,3.9409,4.2315,4.6978,4.501,4.2349,3.8975,4.9278,4.8565,4.5306,4.4068,0
4.6686,4.5373,4.7351,4.164,4.7071,5.0343,3.9109,4.5515,5.0139,4.7811,4.3035,4.2232,4.9643,4.5867,4.6159,4.8644,0
5.0476,4.5628,4.9048,4.8204,5.355,5.2761,4.5001,4.3603,4.7239,4.9022,4.5986,4.2116,5.2481,4.8806,4.8006,4.7524,0
5.0242,4.6898,4.5657,4.5769,4.9803,5.1687,4.2237,4.1877,4.7942,4.6003,4.4843,4.3606,5.1875,5.1418,4.8151,4.4724,0
5.2363,4.7716,4.9188,4.6196,5.0877,5.1307,4.5525,4.3009,5.1438,4.696,4.6465,4.1385,4.8608,4.907,4.6493,4.606,0
5.0935,4.5694,4.9124,5.0108,5.0645,4.9643,4.5711,4.3979,4.8154,4.7039,4.3923,4.1525,5.0937,5.0123,4.7791,4.5535,0
4.9325,4.69,4.3657,4.9811,4.9401,4.8141,4.4543,4.3058,4.72,4.9939,4.6148,4.0948,4.9568,4.754,5.0743,4.735,0
4.877,4.6855,4.7595,4.7478,4.8707,4.9394,4.154,4.8155,4.5744,4.7482,4.6169,4.0231,4.9109,5.299,5.0026,4.5131,0
4.5582,4.4643,4.799,4.8814,4.9013,4.8598,4.3472,4.2589,4.615,4.6112,4.2593,4.0928,5.4302,4.7169,4.8431,4.5246,0
5.0412,4.4721,4.9986,4.6405,4.5874,5.3465,4.5191,4.526,4.9236,5.0922,4.6216,4.5422,5.3949,5.1715,4.9205,4.6478,0
4.6442,4.3648,4.6985,4.816,4.8278,4.429,4.2069,4.1419,4.7374,4.6648,4.8211,4.0683,4.935,4.7938,4.9124,4.7311,0
4.8132,4.5459,4.64,4.925,5.0464,5.0937,4.2508,4.3532,4.7709,4.9523,4.6062,4.3895,4.7161,4.9562,4.761,4.81,0
4.931,4.5403,4.5484,4.8605,5.0615,4.8688,4.6978,4.6729,4.7983,4.5611,4.6482,4.4615,4.6596,5.2321,4.71,4.8582,0
4.8971,4.5378,4.8463,4.682,4.975,4.7604,4.3929,4.4236,4.9558,5.1211,4.5727,4.4864,5.1556,4.7713,4.7709,4.9781,0
5.5154,4.6833,5.0391,4.7265,5.153,4.9292,4.4552,4.7192,4.9069,5.0514,4.47,4.5457,4.9613,4.9431,4.7402,4.5972,0
5.2928,4.705,4.6829,4.784,4.9133,4.9669,4.4425,4.1279,4.7669,4.629,4.407,4.0604,5.0649,4.7109,5.0077,4.5151,0
5.0037,4.6175,5.0358,4.6818,5.2455,5.3157,4.6325,4.6102,4.6679,4.9651,4.4401,4.3942,5.1178,4.971,4.5789,4.7064,0
4.8189,4.4587,4.9403,4.6123,4.9536,4.9126,4.2815,4.339,4.5738,4.798,4.5983,4.4807,4.8482,5.2113,4.8755,4.8081,0
4.8498,4.8671,4.6912,5.1399,4.8349,4.8401,4.639,4.7381,4.7129,4.5285,5.0038,4.648,4.9188,5.3799,4.8536,4.7491,0
4.9069,4.5472,4.4182,4.6401,5.0036,5.228,4.781,4.4563,4.6751,4.5258,4.6827,4.5491,4.8992,5.0747,4.7095,4.9002,0
4.7135,4.4061,4.5517,4.8009,4.9352,4.956,4.162,4.0749,4.9354,4.6862,4.5086,4.1247,5.1831,4.8308,4.6,4.4428,0
4.7037,4.185,4.701,4.7195,4.8559,4.8409,4.7503,4.6445,5.0983,4.7602,4.663,4.4224,5.2293,4.7769,4.5775,4.6354,0
4.703,4.6994,4.491,4.8198,4.9631,5.2922,4.7412,4.5662,4.9771,4.682,4.7516,4.6358,5.0022,5.1575,4.8365,4.5364,0
5.0069,4.6325,4.4476,5.3285,4.6257,4.9694,4.5648,4.5991,4.9387,4.7893,4.516,4.3951,4.6757,4.7213,5.3404,4.7471,0
4.7294,4.6385,4.5669,5.0524,4.8404,4.9046,4.3914,4.4476,4.9518,5.0128,4.5248,4.3845,5.0701,4.8743,4.9961,4.7126,0
4.8181,4.8698,4.6598,4.7938,4.9644,4.5987,4.9035,4.653,4.9724,4.9483,5.0254,4.5331,4.7733,5.1081,4.6446,4.9587,0
5.2298,4.5392,4.7211,4.9291,4.7004,5.2548,4.0719,4.5236,5.033,5.0106,4.8307,4.5421,4.9052,5.1597,4.7131,4.5929,0
4.8433,4.5717,4.6312,4.9024,4.6156,5.1517,4.6066,4.2703,4.9702,4.8022,4.3215,4.3542,5.1436,4.8674,4.6735,4.6831,0
4.5569,4.606,4.5181,4.8254,5.0232,4.5727,4.5779,4.7958,4.5862,4.8295,4.3612,4.0691,4.6186,4.6215,4.9318,4.5441,0
4.6877,4.6637,4.6151,5.0198,4.8444,5.0237,4.3844,4.7353,4.8312,4.7877,4.7293,4.3364,4.9319,5.1199,4.8913,5.0933,0
5.1974,4.8591,4.7539,4.2853,4.8777,4.7829,4.5368,3.8956,4.3848,3.935,4.2794,4.3833,4.849,4.7353,4.4016,4.293,1
4.9838,4.6006,3.8709,4.4263,4.3613,4.5573,3.8068,3.6313,4.5132,3.7206,4.5927,4.3516,4.669,4.0932,4.3775,4.3435,1
4.7824,4.9748,4.1284,4.5942,4.8424,4.7903,4.1707,3.8276,4.4485,4.1721,4.3225,4.603,4.7641,4.6053,4.5009,4.4661,1
4.3919,4.9611,3.8243,4.6317,4.4817,4.3421,4.3018,3.592,4.4389,3.6873,3.9533,4.4876,4.6409,5.061,4.5729,4.8379,1
4.9538,5.1838,4.4076,4.4116,4.81,4.6085,4.3086,3.8338,4.967,4.576,4.1956,4.3106,4.7514,4.8509,4.7409,5.0219,1
4.7678,4.8241,4.1251,4.0382,4.7649,4.3396,4.7142,3.5875,4.3977,4.3204,3.8542,3.9109,4.9543,4.3979,4.2474,4.3875,1
4.6832,4.5853,3.6024,4.5474,4.6125,4.7474,4.5093,4.3053,4.322,3.3439,4.1176,4.1226,4.647,4.9176,4.7316,3.966,1
5.0487,5.337,4.9405,4.6736,5.0155,5.1178,4.5394,4.9217,4.814,4.5181,4.7037,4.6451,4.8636,5.024,4.5285,4.2826,1
4.5225,5.1407,4.8666,4.433,4.8221,4.5324,4.1291,3.6177,4.1506,4.0973,3.9259,4.1828,4.871,5.027,4.5836,4.1862,1
4.9536,4.9448,4.4063,4.7707,4.3504,4.6535,4.019,3.8402,4.3163,4.0117,4.4916,4.4951,4.7243,4.7018,4.7061,4.5209,1
5.3226,4.7353,4.7882,4.9787,5.0479,4.8773,4.4295,3.8843,4.6688,4.2047,4.4464,4.7669,4.6435,4.7733,4.8261,4.6619,1
4.5401,4.9163,3.5917,4.2392,4.3278,5.2057,3.5065,3.1107,4.2525,3.1898,4.5907,4.4016,4.9975,3.9505,4.8204,4.424,1
5.1632,5.1444,4.5878,4.5725,4.311,4.5396,4.1765,4.1975,4.3833,4.5028,4.714,4.4999,4.5944,4.5936,5.0529,4.2414,1
4.7974,4.857,4.395,4.5135,4.8484,4.7691,4.6524,4.506,4.5986,3.9095,4.3585,4.3989,4.8193,4.6658,4.4393,4.5639,1
4.9987,5.0142,4.2951,5.0095,4.5326,4.749,4.7234,4.6433,4.7861,4.4648,4.8159,4.8397,4.7986,4.9731,4.6225,4.6047,1
4.6511,4.7768,4.6597,5.0425,4.6318,4.8023,4.2842,4.2219,4.1526,4.4721,4.5228,4.1483,5.3119,5.0459,4.5665,4.5613,1
5.1306,5.1306,5.1306,5.1306,5.1306,5.1306,5.1306,5.1306,5.1306,5.1306,5.1306,5.1306,4.8831,5.1306,5.1306,4.3466,1
4.5901,4.6219,4.6996,4.6027,4.0477,4.4483,4.7633,4.8469,4.9149,4.93,4.7043,4.2925,4.0608,4.7849,4.8865,4.7084,0
4.7407,4.7811,4.6653,4.6144,4.0641,4.7116,5.0847,4.2104,4.9296,5.0037,4.5207,4.6882,4.5711,4.9413,4.8638,4.6041,0
4.453,5.1671,4.7363,5.1364,4.0979,4.6839,4.992,4.5488,5.0832,4.778,4.6308,4.8472,4.8031,5.0638,4.2208,4.5771,0
4.7008,4.582,4.3081,4.8921,4.5465,4.6074,4.8097,4.3512,4.8808,5.1539,4.3498,4.7116,4.6956,5.0474,4.7841,4.8799,0
4.7955,5.2192,4.5857,4.4188,3.9959,4.5026,4.7056,4.3077,4.7818,4.6323,4.6547,4.4663,4.7043,5.2362,4.6808,4.9992,0
4.8507,4.7585,4.6756,4.6287,4.0304,4.5888,4.9044,4.3045,5.1083,4.9294,5.0389,4.8808,5.1846,4.8443,4.8888,4.4386,0
4.585,4.7802,5.2737,4.47,4.1806,4.5167,5.1376,4.7139,5.0457,4.7503,4.9375,4.5966,4.5583,5.2104,4.6731,4.7672,0
5.3321,4.7904,4.6955,4.9946,4.2889,4.554,4.9967,4.8145,4.7111,4.9044,4.9806,4.6524,4.9399,4.8601,4.9793,5.1865,0
4.7815,4.8183,4.5678,5.0235,3.9704,4.6176,4.5967,4.2458,4.9899,4.752,4.7697,4.8836,4.7012,4.502,5.0662,4.9716,0
4.5415,4.8541,4.5011,4.7349,4.4775,4.6826,4.8673,4.4626,4.9067,5.3845,4.9078,4.6336,4.7088,4.7299,4.4673,5.1229,0
4.2826,4.6422,5.1057,4.8411,3.645,4.5864,4.9208,4.5368,4.7557,5.0267,4.8561,4.6989,5.2487,4.8936,4.7809,4.7246,0
4.7584,4.5773,4.8621,4.8739,4.4725,4.5607,5.0091,4.16,4.6472,4.8295,5.2315,4.9906,4.8679,4.6321,4.4947,5.1897,0
4.6536,4.7848,4.973,4.5613,4.5456,4.9424,4.8589,4.7562,4.7962,5.1106,4.9113,4.6132,5.2522,5.0447,5.0338,4.9219,0
4.6825,4.9392,4.6733,4.1934,4.1874,4.6079,5.2143,4.5723,5.2096,4.917,4.7394,4.6868,4.7608,4.8736,5.1235,4.9624,0
4.7679,4.6517,4.6695,4.9065,4.3646,4.9685,5.1482,4.007,5.0123,4.8843,4.8976,4.7358,5.0997,4.8616,4.4877,4.8946,0
4.9233,4.8915,4.893,4.7977,4.6535,4.6993,5.4262,4.8708,5.2165,4.5993,4.9889,4.8158,4.7086,4.9,4.7942,4.7966,0
4.4967,4.6365,5.0581,4.8433,4.3435,4.478,5.2752,4.6995,4.7548,4.8369,4.705,4.7173,4.7227,4.5998,4.6283,5.1083,0
